"LOCATION","INDICATOR","SUBJECT","MEASURE","FREQUENCY","TIME","Value","Flag Codes"
"AUS","CROPYIELD","RICE","TONNE_HA","A","1990",8.315,
"AUS","CROPYIELD","RICE","TONNE_HA","A","1991",8.395,
"AUS","CROPYIELD","RICE","TONNE_HA","A","1992",8.094,
"AUS","CROPYIELD","RICE","TONNE_HA","A","1993",8.336,
"AUS","CROPYIELD","RICE","TONNE_HA","A","1994",8.538,
"AUS","CROPYIELD","RICE","TONNE_HA","A","1995",7.051,
"AUS","CROPYIELD","RICE","TONNE_HA","A","1996",8.257,
"AUS","CROPYIELD","RICE","TONNE_HA","A","1997",9.007,
"AUS","CROPYIELD","RICE","TONNE_HA","A","1998",9.203,
"AUS","CROPYIELD","RICE","TONNE_HA","A","1999",8.275,
"AUS","CROPYIELD","RICE","TONNE_HA","A","2000",9.283,
"AUS","CROPYIELD","RICE","TONNE_HA","A","2001",8.278,
"AUS","CROPYIELD","RICE","TONNE_HA","A","2002",9.319,
"AUS","CROPYIELD","RICE","TONNE_HA","A","2003",8.379,
"AUS","CROPYIELD","RICE","TONNE_HA","A","2004",6.647,
"AUS","CROPYIELD","RICE","TONNE_HA","A","2005",9.833,
"AUS","CROPYIELD","RICE","TONNE_HA","A","2006",8.15,
"AUS","CROPYIELD","RICE","TONNE_HA","A","2007",8.501,
"AUS","CROPYIELD","RICE","TONNE_HA","A","2008",8.461,
"AUS","CROPYIELD","RICE","TONNE_HA","A","2009",10.39,
"AUS","CROPYIELD","RICE","TONNE_HA","A","2010",9.544,
"AUS","CROPYIELD","RICE","TONNE_HA","A","2011",8.91,
"AUS","CROPYIELD","RICE","TONNE_HA","A","2012",10.275,
"AUS","CROPYIELD","RICE","TONNE_HA","A","2013",10.939,
"AUS","CROPYIELD","RICE","TONNE_HA","A","2014",9.91,
"AUS","CROPYIELD","RICE","TONNE_HA","A","2015",10.306,
"AUS","CROPYIELD","RICE","TONNE_HA","A","2016",9.821,
"AUS","CROPYIELD","RICE","TONNE_HA","A","2017",10.386,
"AUS","CROPYIELD","RICE","TONNE_HA","A","2018",8.771,
"AUS","CROPYIELD","RICE","TONNE_HA","A","2019",9.574,
"AUS","CROPYIELD","RICE","TONNE_HA","A","2020",8.305,
"AUS","CROPYIELD","RICE","TONNE_HA","A","2021",8.388,
"AUS","CROPYIELD","RICE","TONNE_HA","A","2022",8.471,
"AUS","CROPYIELD","RICE","TONNE_HA","A","2023",8.557,
"AUS","CROPYIELD","RICE","TONNE_HA","A","2024",8.642,
"AUS","CROPYIELD","RICE","TONNE_HA","A","2025",8.729,
"AUS","CROPYIELD","RICE","TONNE_HA","A","2026",8.816,
"AUS","CROPYIELD","RICE","TONNE_HA","A","2027",8.905,
"AUS","CROPYIELD","RICE","TONNE_HA","A","2028",8.994,
"AUS","CROPYIELD","RICE","TONNE_HA","A","2029",9.084,
"AUS","CROPYIELD","RICE","TONNE_HA","A","2030",9.175,
"CAN","CROPYIELD","RICE","TONNE_HA","A","1990",0,
"CAN","CROPYIELD","RICE","TONNE_HA","A","1991",0,
"CAN","CROPYIELD","RICE","TONNE_HA","A","1992",0,
"CAN","CROPYIELD","RICE","TONNE_HA","A","1993",0,
"CAN","CROPYIELD","RICE","TONNE_HA","A","1994",0,
"CAN","CROPYIELD","RICE","TONNE_HA","A","1995",0,
"CAN","CROPYIELD","RICE","TONNE_HA","A","1996",0,
"CAN","CROPYIELD","RICE","TONNE_HA","A","1997",0,
"CAN","CROPYIELD","RICE","TONNE_HA","A","1998",0,
"CAN","CROPYIELD","RICE","TONNE_HA","A","1999",0,
"CAN","CROPYIELD","RICE","TONNE_HA","A","2000",0,
"CAN","CROPYIELD","RICE","TONNE_HA","A","2001",0,
"CAN","CROPYIELD","RICE","TONNE_HA","A","2002",0,
"CAN","CROPYIELD","RICE","TONNE_HA","A","2003",0,
"CAN","CROPYIELD","RICE","TONNE_HA","A","2004",0,
"CAN","CROPYIELD","RICE","TONNE_HA","A","2005",0,
"CAN","CROPYIELD","RICE","TONNE_HA","A","2006",0,
"CAN","CROPYIELD","RICE","TONNE_HA","A","2007",0,
"CAN","CROPYIELD","RICE","TONNE_HA","A","2008",0,
"CAN","CROPYIELD","RICE","TONNE_HA","A","2009",0,
"CAN","CROPYIELD","RICE","TONNE_HA","A","2010",0,
"CAN","CROPYIELD","RICE","TONNE_HA","A","2011",0,
"CAN","CROPYIELD","RICE","TONNE_HA","A","2012",0,
"CAN","CROPYIELD","RICE","TONNE_HA","A","2013",0,
"CAN","CROPYIELD","RICE","TONNE_HA","A","2014",0,
"CAN","CROPYIELD","RICE","TONNE_HA","A","2015",0,
"CAN","CROPYIELD","RICE","TONNE_HA","A","2016",0,
"CAN","CROPYIELD","RICE","TONNE_HA","A","2017",0,
"CAN","CROPYIELD","RICE","TONNE_HA","A","2018",0,
"CAN","CROPYIELD","RICE","TONNE_HA","A","2019",0,
"CAN","CROPYIELD","RICE","TONNE_HA","A","2020",0,
"CAN","CROPYIELD","RICE","TONNE_HA","A","2021",0,
"CAN","CROPYIELD","RICE","TONNE_HA","A","2022",0,
"CAN","CROPYIELD","RICE","TONNE_HA","A","2023",0,
"CAN","CROPYIELD","RICE","TONNE_HA","A","2024",0,
"CAN","CROPYIELD","RICE","TONNE_HA","A","2025",0,
"CAN","CROPYIELD","RICE","TONNE_HA","A","2026",0,
"CAN","CROPYIELD","RICE","TONNE_HA","A","2027",0,
"CAN","CROPYIELD","RICE","TONNE_HA","A","2028",0,
"CAN","CROPYIELD","RICE","TONNE_HA","A","2029",0,
"CAN","CROPYIELD","RICE","TONNE_HA","A","2030",0,
"JPN","CROPYIELD","RICE","TONNE_HA","A","1990",4.586,
"JPN","CROPYIELD","RICE","TONNE_HA","A","1991",4.247,
"JPN","CROPYIELD","RICE","TONNE_HA","A","1992",4.549,
"JPN","CROPYIELD","RICE","TONNE_HA","A","1993",3.318,
"JPN","CROPYIELD","RICE","TONNE_HA","A","1994",4.907,
"JPN","CROPYIELD","RICE","TONNE_HA","A","1995",4.598,
"JPN","CROPYIELD","RICE","TONNE_HA","A","1996",4.74,
"JPN","CROPYIELD","RICE","TONNE_HA","A","1997",4.651,
"JPN","CROPYIELD","RICE","TONNE_HA","A","1998",4.507,
"JPN","CROPYIELD","RICE","TONNE_HA","A","1999",4.649,
"JPN","CROPYIELD","RICE","TONNE_HA","A","2000",4.858,
"JPN","CROPYIELD","RICE","TONNE_HA","A","2001",4.81,
"JPN","CROPYIELD","RICE","TONNE_HA","A","2002",4.771,
"JPN","CROPYIELD","RICE","TONNE_HA","A","2003",4.24,
"JPN","CROPYIELD","RICE","TONNE_HA","A","2004",4.65,
"JPN","CROPYIELD","RICE","TONNE_HA","A","2005",4.819,
"JPN","CROPYIELD","RICE","TONNE_HA","A","2006",4.592,
"JPN","CROPYIELD","RICE","TONNE_HA","A","2007",4.719,
"JPN","CROPYIELD","RICE","TONNE_HA","A","2008",4.913,
"JPN","CROPYIELD","RICE","TONNE_HA","A","2009",4.728,
"JPN","CROPYIELD","RICE","TONNE_HA","A","2010",4.76,
"JPN","CROPYIELD","RICE","TONNE_HA","A","2011",4.924,
"JPN","CROPYIELD","RICE","TONNE_HA","A","2012",4.981,
"JPN","CROPYIELD","RICE","TONNE_HA","A","2013",4.94,
"JPN","CROPYIELD","RICE","TONNE_HA","A","2014",4.963,
"JPN","CROPYIELD","RICE","TONNE_HA","A","2015",5.071,
"JPN","CROPYIELD","RICE","TONNE_HA","A","2016",5.238,
"JPN","CROPYIELD","RICE","TONNE_HA","A","2017",5.148,
"JPN","CROPYIELD","RICE","TONNE_HA","A","2018",5.059,
"JPN","CROPYIELD","RICE","TONNE_HA","A","2019",5.026,
"JPN","CROPYIELD","RICE","TONNE_HA","A","2020",5.032,
"JPN","CROPYIELD","RICE","TONNE_HA","A","2021",5.161,
"JPN","CROPYIELD","RICE","TONNE_HA","A","2022",5.156,
"JPN","CROPYIELD","RICE","TONNE_HA","A","2023",5.151,
"JPN","CROPYIELD","RICE","TONNE_HA","A","2024",5.146,
"JPN","CROPYIELD","RICE","TONNE_HA","A","2025",5.141,
"JPN","CROPYIELD","RICE","TONNE_HA","A","2026",5.135,
"JPN","CROPYIELD","RICE","TONNE_HA","A","2027",5.13,
"JPN","CROPYIELD","RICE","TONNE_HA","A","2028",5.125,
"JPN","CROPYIELD","RICE","TONNE_HA","A","2029",5.12,
"JPN","CROPYIELD","RICE","TONNE_HA","A","2030",5.115,
"KOR","CROPYIELD","RICE","TONNE_HA","A","1990",4.505,
"KOR","CROPYIELD","RICE","TONNE_HA","A","1991",4.456,
"KOR","CROPYIELD","RICE","TONNE_HA","A","1992",4.608,
"KOR","CROPYIELD","RICE","TONNE_HA","A","1993",4.182,
"KOR","CROPYIELD","RICE","TONNE_HA","A","1994",4.589,
"KOR","CROPYIELD","RICE","TONNE_HA","A","1995",4.447,
"KOR","CROPYIELD","RICE","TONNE_HA","A","1996",5.072,
"KOR","CROPYIELD","RICE","TONNE_HA","A","1997",5.178,
"KOR","CROPYIELD","RICE","TONNE_HA","A","1998",4.813,
"KOR","CROPYIELD","RICE","TONNE_HA","A","1999",4.936,
"KOR","CROPYIELD","RICE","TONNE_HA","A","2000",4.934,
"KOR","CROPYIELD","RICE","TONNE_HA","A","2001",5.092,
"KOR","CROPYIELD","RICE","TONNE_HA","A","2002",4.678,
"KOR","CROPYIELD","RICE","TONNE_HA","A","2003",4.381,
"KOR","CROPYIELD","RICE","TONNE_HA","A","2004",4.994,
"KOR","CROPYIELD","RICE","TONNE_HA","A","2005",4.867,
"KOR","CROPYIELD","RICE","TONNE_HA","A","2006",4.899,
"KOR","CROPYIELD","RICE","TONNE_HA","A","2007",4.639,
"KOR","CROPYIELD","RICE","TONNE_HA","A","2008",5.176,
"KOR","CROPYIELD","RICE","TONNE_HA","A","2009",5.318,
"KOR","CROPYIELD","RICE","TONNE_HA","A","2010",4.815,
"KOR","CROPYIELD","RICE","TONNE_HA","A","2011",4.947,
"KOR","CROPYIELD","RICE","TONNE_HA","A","2012",4.718,
"KOR","CROPYIELD","RICE","TONNE_HA","A","2013",5.08,
"KOR","CROPYIELD","RICE","TONNE_HA","A","2014",5.2,
"KOR","CROPYIELD","RICE","TONNE_HA","A","2015",5.413,
"KOR","CROPYIELD","RICE","TONNE_HA","A","2016",5.389,
"KOR","CROPYIELD","RICE","TONNE_HA","A","2017",5.264,
"KOR","CROPYIELD","RICE","TONNE_HA","A","2018",5.244,
"KOR","CROPYIELD","RICE","TONNE_HA","A","2019",5.3,
"KOR","CROPYIELD","RICE","TONNE_HA","A","2020",5.474,
"KOR","CROPYIELD","RICE","TONNE_HA","A","2021",5.474,
"KOR","CROPYIELD","RICE","TONNE_HA","A","2022",5.475,
"KOR","CROPYIELD","RICE","TONNE_HA","A","2023",5.475,
"KOR","CROPYIELD","RICE","TONNE_HA","A","2024",5.475,
"KOR","CROPYIELD","RICE","TONNE_HA","A","2025",5.475,
"KOR","CROPYIELD","RICE","TONNE_HA","A","2026",5.474,
"KOR","CROPYIELD","RICE","TONNE_HA","A","2027",5.474,
"KOR","CROPYIELD","RICE","TONNE_HA","A","2028",5.474,
"KOR","CROPYIELD","RICE","TONNE_HA","A","2029",5.884,
"KOR","CROPYIELD","RICE","TONNE_HA","A","2030",5.945,
"MEX","CROPYIELD","RICE","TONNE_HA","A","1990",2.667,
"MEX","CROPYIELD","RICE","TONNE_HA","A","1991",2.714,
"MEX","CROPYIELD","RICE","TONNE_HA","A","1992",2.857,
"MEX","CROPYIELD","RICE","TONNE_HA","A","1993",3.216,
"MEX","CROPYIELD","RICE","TONNE_HA","A","1994",2.809,
"MEX","CROPYIELD","RICE","TONNE_HA","A","1995",3.088,
"MEX","CROPYIELD","RICE","TONNE_HA","A","1996",2.997,
"MEX","CROPYIELD","RICE","TONNE_HA","A","1997",2.73,
"MEX","CROPYIELD","RICE","TONNE_HA","A","1998",2.977,
"MEX","CROPYIELD","RICE","TONNE_HA","A","1999",2.909,
"MEX","CROPYIELD","RICE","TONNE_HA","A","2000",2.967,
"MEX","CROPYIELD","RICE","TONNE_HA","A","2001",4.258,
"MEX","CROPYIELD","RICE","TONNE_HA","A","2002",4.503,
"MEX","CROPYIELD","RICE","TONNE_HA","A","2003",4.551,
"MEX","CROPYIELD","RICE","TONNE_HA","A","2004",4.465,
"MEX","CROPYIELD","RICE","TONNE_HA","A","2005",5.065,
"MEX","CROPYIELD","RICE","TONNE_HA","A","2006",4.786,
"MEX","CROPYIELD","RICE","TONNE_HA","A","2007",4.154,
"MEX","CROPYIELD","RICE","TONNE_HA","A","2008",4.462,
"MEX","CROPYIELD","RICE","TONNE_HA","A","2009",4.85,
"MEX","CROPYIELD","RICE","TONNE_HA","A","2010",5.19,
"MEX","CROPYIELD","RICE","TONNE_HA","A","2011",5.096,
"MEX","CROPYIELD","RICE","TONNE_HA","A","2012",5.623,
"MEX","CROPYIELD","RICE","TONNE_HA","A","2013",5.425,
"MEX","CROPYIELD","RICE","TONNE_HA","A","2014",5.712,
"MEX","CROPYIELD","RICE","TONNE_HA","A","2015",5.808,
"MEX","CROPYIELD","RICE","TONNE_HA","A","2016",6.135,
"MEX","CROPYIELD","RICE","TONNE_HA","A","2017",6.39,
"MEX","CROPYIELD","RICE","TONNE_HA","A","2018",6.285,
"MEX","CROPYIELD","RICE","TONNE_HA","A","2019",6.546,
"MEX","CROPYIELD","RICE","TONNE_HA","A","2020",6.682,
"MEX","CROPYIELD","RICE","TONNE_HA","A","2021",6.762,
"MEX","CROPYIELD","RICE","TONNE_HA","A","2022",6.842,
"MEX","CROPYIELD","RICE","TONNE_HA","A","2023",6.924,
"MEX","CROPYIELD","RICE","TONNE_HA","A","2024",7.004,
"MEX","CROPYIELD","RICE","TONNE_HA","A","2025",7.085,
"MEX","CROPYIELD","RICE","TONNE_HA","A","2026",7.165,
"MEX","CROPYIELD","RICE","TONNE_HA","A","2027",7.245,
"MEX","CROPYIELD","RICE","TONNE_HA","A","2028",7.326,
"MEX","CROPYIELD","RICE","TONNE_HA","A","2029",7.406,
"MEX","CROPYIELD","RICE","TONNE_HA","A","2030",7.486,
"TUR","CROPYIELD","RICE","TONNE_HA","A","1990",3,
"TUR","CROPYIELD","RICE","TONNE_HA","A","1991",2.85,
"TUR","CROPYIELD","RICE","TONNE_HA","A","1992",3,
"TUR","CROPYIELD","RICE","TONNE_HA","A","1993",3,
"TUR","CROPYIELD","RICE","TONNE_HA","A","1994",2.927,
"TUR","CROPYIELD","RICE","TONNE_HA","A","1995",2.4,
"TUR","CROPYIELD","RICE","TONNE_HA","A","1996",3.055,
"TUR","CROPYIELD","RICE","TONNE_HA","A","1997",3,
"TUR","CROPYIELD","RICE","TONNE_HA","A","1998",3.15,
"TUR","CROPYIELD","RICE","TONNE_HA","A","1999",3.139,
"TUR","CROPYIELD","RICE","TONNE_HA","A","2000",3.627,
"TUR","CROPYIELD","RICE","TONNE_HA","A","2001",3.661,
"TUR","CROPYIELD","RICE","TONNE_HA","A","2002",3.612,
"TUR","CROPYIELD","RICE","TONNE_HA","A","2003",3.434,
"TUR","CROPYIELD","RICE","TONNE_HA","A","2004",4.2,
"TUR","CROPYIELD","RICE","TONNE_HA","A","2005",4.24,
"TUR","CROPYIELD","RICE","TONNE_HA","A","2006",4.218,
"TUR","CROPYIELD","RICE","TONNE_HA","A","2007",4.145,
"TUR","CROPYIELD","RICE","TONNE_HA","A","2008",4.541,
"TUR","CROPYIELD","RICE","TONNE_HA","A","2009",4.668,
"TUR","CROPYIELD","RICE","TONNE_HA","A","2010",5.212,
"TUR","CROPYIELD","RICE","TONNE_HA","A","2011",5.433,
"TUR","CROPYIELD","RICE","TONNE_HA","A","2012",4.411,
"TUR","CROPYIELD","RICE","TONNE_HA","A","2013",4.883,
"TUR","CROPYIELD","RICE","TONNE_HA","A","2014",4.586,
"TUR","CROPYIELD","RICE","TONNE_HA","A","2015",4.763,
"TUR","CROPYIELD","RICE","TONNE_HA","A","2016",4.755,
"TUR","CROPYIELD","RICE","TONNE_HA","A","2017",4.932,
"TUR","CROPYIELD","RICE","TONNE_HA","A","2018",4.696,
"TUR","CROPYIELD","RICE","TONNE_HA","A","2019",4.747,
"TUR","CROPYIELD","RICE","TONNE_HA","A","2020",4.781,
"TUR","CROPYIELD","RICE","TONNE_HA","A","2021",4.963,
"TUR","CROPYIELD","RICE","TONNE_HA","A","2022",5.021,
"TUR","CROPYIELD","RICE","TONNE_HA","A","2023",5.098,
"TUR","CROPYIELD","RICE","TONNE_HA","A","2024",5.151,
"TUR","CROPYIELD","RICE","TONNE_HA","A","2025",5.219,
"TUR","CROPYIELD","RICE","TONNE_HA","A","2026",5.286,
"TUR","CROPYIELD","RICE","TONNE_HA","A","2027",5.357,
"TUR","CROPYIELD","RICE","TONNE_HA","A","2028",5.429,
"TUR","CROPYIELD","RICE","TONNE_HA","A","2029",5.504,
"TUR","CROPYIELD","RICE","TONNE_HA","A","2030",5.58,
"USA","CROPYIELD","RICE","TONNE_HA","A","1990",4.314,
"USA","CROPYIELD","RICE","TONNE_HA","A","1991",4.469,
"USA","CROPYIELD","RICE","TONNE_HA","A","1992",4.473,
"USA","CROPYIELD","RICE","TONNE_HA","A","1993",4.301,
"USA","CROPYIELD","RICE","TONNE_HA","A","1994",4.651,
"USA","CROPYIELD","RICE","TONNE_HA","A","1995",4.384,
"USA","CROPYIELD","RICE","TONNE_HA","A","1996",4.774,
"USA","CROPYIELD","RICE","TONNE_HA","A","1997",4.601,
"USA","CROPYIELD","RICE","TONNE_HA","A","1998",4.417,
"USA","CROPYIELD","RICE","TONNE_HA","A","1999",4.576,
"USA","CROPYIELD","RICE","TONNE_HA","A","2000",4.898,
"USA","CROPYIELD","RICE","TONNE_HA","A","2001",5.068,
"USA","CROPYIELD","RICE","TONNE_HA","A","2002",5.133,
"USA","CROPYIELD","RICE","TONNE_HA","A","2003",5.204,
"USA","CROPYIELD","RICE","TONNE_HA","A","2004",5.454,
"USA","CROPYIELD","RICE","TONNE_HA","A","2005",5.185,
"USA","CROPYIELD","RICE","TONNE_HA","A","2006",5.345,
"USA","CROPYIELD","RICE","TONNE_HA","A","2007",5.628,
"USA","CROPYIELD","RICE","TONNE_HA","A","2008",5.333,
"USA","CROPYIELD","RICE","TONNE_HA","A","2009",5.534,
"USA","CROPYIELD","RICE","TONNE_HA","A","2010",5.239,
"USA","CROPYIELD","RICE","TONNE_HA","A","2011",5.505,
"USA","CROPYIELD","RICE","TONNE_HA","A","2012",5.807,
"USA","CROPYIELD","RICE","TONNE_HA","A","2013",6.001,
"USA","CROPYIELD","RICE","TONNE_HA","A","2014",5.916,
"USA","CROPYIELD","RICE","TONNE_HA","A","2015",5.816,
"USA","CROPYIELD","RICE","TONNE_HA","A","2016",5.639,
"USA","CROPYIELD","RICE","TONNE_HA","A","2017",5.866,
"USA","CROPYIELD","RICE","TONNE_HA","A","2018",6,
"USA","CROPYIELD","RICE","TONNE_HA","A","2019",5.663,
"USA","CROPYIELD","RICE","TONNE_HA","A","2020",5.477,
"USA","CROPYIELD","RICE","TONNE_HA","A","2021",5.823,
"USA","CROPYIELD","RICE","TONNE_HA","A","2022",5.867,
"USA","CROPYIELD","RICE","TONNE_HA","A","2023",5.899,
"USA","CROPYIELD","RICE","TONNE_HA","A","2024",5.927,
"USA","CROPYIELD","RICE","TONNE_HA","A","2025",5.955,
"USA","CROPYIELD","RICE","TONNE_HA","A","2026",6.006,
"USA","CROPYIELD","RICE","TONNE_HA","A","2027",6.052,
"USA","CROPYIELD","RICE","TONNE_HA","A","2028",6.101,
"USA","CROPYIELD","RICE","TONNE_HA","A","2029",6.108,
"USA","CROPYIELD","RICE","TONNE_HA","A","2030",6.155,
"ARG","CROPYIELD","RICE","TONNE_HA","A","1990",2.488,
"ARG","CROPYIELD","RICE","TONNE_HA","A","1991",2.752,
"ARG","CROPYIELD","RICE","TONNE_HA","A","1992",3.535,
"ARG","CROPYIELD","RICE","TONNE_HA","A","1993",2.953,
"ARG","CROPYIELD","RICE","TONNE_HA","A","1994",2.93,
"ARG","CROPYIELD","RICE","TONNE_HA","A","1995",3.422,
"ARG","CROPYIELD","RICE","TONNE_HA","A","1996",3.474,
"ARG","CROPYIELD","RICE","TONNE_HA","A","1997",3.642,
"ARG","CROPYIELD","RICE","TONNE_HA","A","1998",3.248,
"ARG","CROPYIELD","RICE","TONNE_HA","A","1999",3.899,
"ARG","CROPYIELD","RICE","TONNE_HA","A","2000",3.251,
"ARG","CROPYIELD","RICE","TONNE_HA","A","2001",3.876,
"ARG","CROPYIELD","RICE","TONNE_HA","A","2002",3.91,
"ARG","CROPYIELD","RICE","TONNE_HA","A","2003",3.671,
"ARG","CROPYIELD","RICE","TONNE_HA","A","2004",4.26,
"ARG","CROPYIELD","RICE","TONNE_HA","A","2005",4.089,
"ARG","CROPYIELD","RICE","TONNE_HA","A","2006",4.802,
"ARG","CROPYIELD","RICE","TONNE_HA","A","2007",4.462,
"ARG","CROPYIELD","RICE","TONNE_HA","A","2008",4.663,
"ARG","CROPYIELD","RICE","TONNE_HA","A","2009",4.619,
"ARG","CROPYIELD","RICE","TONNE_HA","A","2010",3.92,
"ARG","CROPYIELD","RICE","TONNE_HA","A","2011",4.618,
"ARG","CROPYIELD","RICE","TONNE_HA","A","2012",4.53,
"ARG","CROPYIELD","RICE","TONNE_HA","A","2013",4.569,
"ARG","CROPYIELD","RICE","TONNE_HA","A","2014",4.418,
"ARG","CROPYIELD","RICE","TONNE_HA","A","2015",4.561,
"ARG","CROPYIELD","RICE","TONNE_HA","A","2016",4.583,
"ARG","CROPYIELD","RICE","TONNE_HA","A","2017",4.433,
"ARG","CROPYIELD","RICE","TONNE_HA","A","2018",4.698,
"ARG","CROPYIELD","RICE","TONNE_HA","A","2019",4.415,
"ARG","CROPYIELD","RICE","TONNE_HA","A","2020",4.387,
"ARG","CROPYIELD","RICE","TONNE_HA","A","2021",4.731,
"ARG","CROPYIELD","RICE","TONNE_HA","A","2022",4.784,
"ARG","CROPYIELD","RICE","TONNE_HA","A","2023",4.847,
"ARG","CROPYIELD","RICE","TONNE_HA","A","2024",4.905,
"ARG","CROPYIELD","RICE","TONNE_HA","A","2025",4.967,
"ARG","CROPYIELD","RICE","TONNE_HA","A","2026",5.022,
"ARG","CROPYIELD","RICE","TONNE_HA","A","2027",5.081,
"ARG","CROPYIELD","RICE","TONNE_HA","A","2028",5.139,
"ARG","CROPYIELD","RICE","TONNE_HA","A","2029",5.2,
"ARG","CROPYIELD","RICE","TONNE_HA","A","2030",5.26,
"BRA","CROPYIELD","RICE","TONNE_HA","A","1990",1.277,
"BRA","CROPYIELD","RICE","TONNE_HA","A","1991",1.583,
"BRA","CROPYIELD","RICE","TONNE_HA","A","1992",1.467,
"BRA","CROPYIELD","RICE","TONNE_HA","A","1993",1.513,
"BRA","CROPYIELD","RICE","TONNE_HA","A","1994",1.606,
"BRA","CROPYIELD","RICE","TONNE_HA","A","1995",1.764,
"BRA","CROPYIELD","RICE","TONNE_HA","A","1996",1.741,
"BRA","CROPYIELD","RICE","TONNE_HA","A","1997",1.826,
"BRA","CROPYIELD","RICE","TONNE_HA","A","1998",1.745,
"BRA","CROPYIELD","RICE","TONNE_HA","A","1999",2.048,
"BRA","CROPYIELD","RICE","TONNE_HA","A","2000",2.112,
"BRA","CROPYIELD","RICE","TONNE_HA","A","2001",2.173,
"BRA","CROPYIELD","RICE","TONNE_HA","A","2002",2.244,
"BRA","CROPYIELD","RICE","TONNE_HA","A","2003",2.213,
"BRA","CROPYIELD","RICE","TONNE_HA","A","2004",2.412,
"BRA","CROPYIELD","RICE","TONNE_HA","A","2005",2.319,
"BRA","CROPYIELD","RICE","TONNE_HA","A","2006",2.641,
"BRA","CROPYIELD","RICE","TONNE_HA","A","2007",2.593,
"BRA","CROPYIELD","RICE","TONNE_HA","A","2008",2.856,
"BRA","CROPYIELD","RICE","TONNE_HA","A","2009",2.946,
"BRA","CROPYIELD","RICE","TONNE_HA","A","2010",2.868,
"BRA","CROPYIELD","RICE","TONNE_HA","A","2011",3.282,
"BRA","CROPYIELD","RICE","TONNE_HA","A","2012",3.25,
"BRA","CROPYIELD","RICE","TONNE_HA","A","2013",3.35,
"BRA","CROPYIELD","RICE","TONNE_HA","A","2014",3.474,
"BRA","CROPYIELD","RICE","TONNE_HA","A","2015",3.688,
"BRA","CROPYIELD","RICE","TONNE_HA","A","2016",3.591,
"BRA","CROPYIELD","RICE","TONNE_HA","A","2017",4.232,
"BRA","CROPYIELD","RICE","TONNE_HA","A","2018",4.16,
"BRA","CROPYIELD","RICE","TONNE_HA","A","2019",4.2,
"BRA","CROPYIELD","RICE","TONNE_HA","A","2020",4.565,
"BRA","CROPYIELD","RICE","TONNE_HA","A","2021",4.614,
"BRA","CROPYIELD","RICE","TONNE_HA","A","2022",4.663,
"BRA","CROPYIELD","RICE","TONNE_HA","A","2023",4.717,
"BRA","CROPYIELD","RICE","TONNE_HA","A","2024",4.764,
"BRA","CROPYIELD","RICE","TONNE_HA","A","2025",4.813,
"BRA","CROPYIELD","RICE","TONNE_HA","A","2026",4.86,
"BRA","CROPYIELD","RICE","TONNE_HA","A","2027",4.91,
"BRA","CROPYIELD","RICE","TONNE_HA","A","2028",4.959,
"BRA","CROPYIELD","RICE","TONNE_HA","A","2029",5.009,
"BRA","CROPYIELD","RICE","TONNE_HA","A","2030",5.058,
"CHL","CROPYIELD","RICE","TONNE_HA","A","1990",2.773,
"CHL","CROPYIELD","RICE","TONNE_HA","A","1991",2.625,
"CHL","CROPYIELD","RICE","TONNE_HA","A","1992",2.825,
"CHL","CROPYIELD","RICE","TONNE_HA","A","1993",3.04,
"CHL","CROPYIELD","RICE","TONNE_HA","A","1994",2.944,
"CHL","CROPYIELD","RICE","TONNE_HA","A","1995",2.89,
"CHL","CROPYIELD","RICE","TONNE_HA","A","1996",3.218,
"CHL","CROPYIELD","RICE","TONNE_HA","A","1997",2.813,
"CHL","CROPYIELD","RICE","TONNE_HA","A","1998",2.629,
"CHL","CROPYIELD","RICE","TONNE_HA","A","1999",2.793,
"CHL","CROPYIELD","RICE","TONNE_HA","A","2000",3.524,
"CHL","CROPYIELD","RICE","TONNE_HA","A","2001",3.372,
"CHL","CROPYIELD","RICE","TONNE_HA","A","2002",3.411,
"CHL","CROPYIELD","RICE","TONNE_HA","A","2003",3.36,
"CHL","CROPYIELD","RICE","TONNE_HA","A","2004",3.225,
"CHL","CROPYIELD","RICE","TONNE_HA","A","2005",3.144,
"CHL","CROPYIELD","RICE","TONNE_HA","A","2006",3.853,
"CHL","CROPYIELD","RICE","TONNE_HA","A","2007",3.405,
"CHL","CROPYIELD","RICE","TONNE_HA","A","2008",3.891,
"CHL","CROPYIELD","RICE","TONNE_HA","A","2009",3.615,
"CHL","CROPYIELD","RICE","TONNE_HA","A","2010",2.601,
"CHL","CROPYIELD","RICE","TONNE_HA","A","2011",3.496,
"CHL","CROPYIELD","RICE","TONNE_HA","A","2012",4.201,
"CHL","CROPYIELD","RICE","TONNE_HA","A","2013",4.176,
"CHL","CROPYIELD","RICE","TONNE_HA","A","2014",4.053,
"CHL","CROPYIELD","RICE","TONNE_HA","A","2015",4.642,
"CHL","CROPYIELD","RICE","TONNE_HA","A","2016",4.413,
"CHL","CROPYIELD","RICE","TONNE_HA","A","2017",4.11,
"CHL","CROPYIELD","RICE","TONNE_HA","A","2018",4.391,
"CHL","CROPYIELD","RICE","TONNE_HA","A","2019",4.485,
"CHL","CROPYIELD","RICE","TONNE_HA","A","2020",4.454,
"CHL","CROPYIELD","RICE","TONNE_HA","A","2021",4.633,
"CHL","CROPYIELD","RICE","TONNE_HA","A","2022",4.661,
"CHL","CROPYIELD","RICE","TONNE_HA","A","2023",4.738,
"CHL","CROPYIELD","RICE","TONNE_HA","A","2024",4.794,
"CHL","CROPYIELD","RICE","TONNE_HA","A","2025",4.859,
"CHL","CROPYIELD","RICE","TONNE_HA","A","2026",4.926,
"CHL","CROPYIELD","RICE","TONNE_HA","A","2027",4.995,
"CHL","CROPYIELD","RICE","TONNE_HA","A","2028",5.064,
"CHL","CROPYIELD","RICE","TONNE_HA","A","2029",5.135,
"CHL","CROPYIELD","RICE","TONNE_HA","A","2030",5.207,
"CHN","CROPYIELD","RICE","TONNE_HA","A","1990",3.852,
"CHN","CROPYIELD","RICE","TONNE_HA","A","1991",3.79,
"CHN","CROPYIELD","RICE","TONNE_HA","A","1992",3.917,
"CHN","CROPYIELD","RICE","TONNE_HA","A","1993",3.981,
"CHN","CROPYIELD","RICE","TONNE_HA","A","1994",4.067,
"CHN","CROPYIELD","RICE","TONNE_HA","A","1995",4.127,
"CHN","CROPYIELD","RICE","TONNE_HA","A","1996",4.255,
"CHN","CROPYIELD","RICE","TONNE_HA","A","1997",4.329,
"CHN","CROPYIELD","RICE","TONNE_HA","A","1998",4.361,
"CHN","CROPYIELD","RICE","TONNE_HA","A","1999",4.346,
"CHN","CROPYIELD","RICE","TONNE_HA","A","2000",4.296,
"CHN","CROPYIELD","RICE","TONNE_HA","A","2001",4.222,
"CHN","CROPYIELD","RICE","TONNE_HA","A","2002",4.239,
"CHN","CROPYIELD","RICE","TONNE_HA","A","2003",4.152,
"CHN","CROPYIELD","RICE","TONNE_HA","A","2004",4.323,
"CHN","CROPYIELD","RICE","TONNE_HA","A","2005",4.288,
"CHN","CROPYIELD","RICE","TONNE_HA","A","2006",4.302,
"CHN","CROPYIELD","RICE","TONNE_HA","A","2007",4.407,
"CHN","CROPYIELD","RICE","TONNE_HA","A","2008",4.495,
"CHN","CROPYIELD","RICE","TONNE_HA","A","2009",4.511,
"CHN","CROPYIELD","RICE","TONNE_HA","A","2010",4.489,
"CHN","CROPYIELD","RICE","TONNE_HA","A","2011",4.581,
"CHN","CROPYIELD","RICE","TONNE_HA","A","2012",4.642,
"CHN","CROPYIELD","RICE","TONNE_HA","A","2013",4.601,
"CHN","CROPYIELD","RICE","TONNE_HA","A","2014",4.667,
"CHN","CROPYIELD","RICE","TONNE_HA","A","2015",4.721,
"CHN","CROPYIELD","RICE","TONNE_HA","A","2016",4.703,
"CHN","CROPYIELD","RICE","TONNE_HA","A","2017",4.738,
"CHN","CROPYIELD","RICE","TONNE_HA","A","2018",4.813,
"CHN","CROPYIELD","RICE","TONNE_HA","A","2019",4.836,
"CHN","CROPYIELD","RICE","TONNE_HA","A","2020",4.931,
"CHN","CROPYIELD","RICE","TONNE_HA","A","2021",4.956,
"CHN","CROPYIELD","RICE","TONNE_HA","A","2022",4.98,
"CHN","CROPYIELD","RICE","TONNE_HA","A","2023",5.006,
"CHN","CROPYIELD","RICE","TONNE_HA","A","2024",5.03,
"CHN","CROPYIELD","RICE","TONNE_HA","A","2025",5.056,
"CHN","CROPYIELD","RICE","TONNE_HA","A","2026",5.081,
"CHN","CROPYIELD","RICE","TONNE_HA","A","2027",5.106,
"CHN","CROPYIELD","RICE","TONNE_HA","A","2028",5.132,
"CHN","CROPYIELD","RICE","TONNE_HA","A","2029",5.158,
"CHN","CROPYIELD","RICE","TONNE_HA","A","2030",5.183,
"COL","CROPYIELD","RICE","TONNE_HA","A","1990",2.755,
"COL","CROPYIELD","RICE","TONNE_HA","A","1991",2.43,
"COL","CROPYIELD","RICE","TONNE_HA","A","1992",2.338,
"COL","CROPYIELD","RICE","TONNE_HA","A","1993",2.503,
"COL","CROPYIELD","RICE","TONNE_HA","A","1994",2.727,
"COL","CROPYIELD","RICE","TONNE_HA","A","1995",2.872,
"COL","CROPYIELD","RICE","TONNE_HA","A","1996",3.28,
"COL","CROPYIELD","RICE","TONNE_HA","A","1997",3.158,
"COL","CROPYIELD","RICE","TONNE_HA","A","1998",3.889,
"COL","CROPYIELD","RICE","TONNE_HA","A","1999",3.264,
"COL","CROPYIELD","RICE","TONNE_HA","A","2000",3.113,
"COL","CROPYIELD","RICE","TONNE_HA","A","2001",2.986,
"COL","CROPYIELD","RICE","TONNE_HA","A","2002",3.686,
"COL","CROPYIELD","RICE","TONNE_HA","A","2003",3.161,
"COL","CROPYIELD","RICE","TONNE_HA","A","2004",3.189,
"COL","CROPYIELD","RICE","TONNE_HA","A","2005",3.112,
"COL","CROPYIELD","RICE","TONNE_HA","A","2006",3.282,
"COL","CROPYIELD","RICE","TONNE_HA","A","2007",3.319,
"COL","CROPYIELD","RICE","TONNE_HA","A","2008",3.37,
"COL","CROPYIELD","RICE","TONNE_HA","A","2009",3.036,
"COL","CROPYIELD","RICE","TONNE_HA","A","2010",2.9,
"COL","CROPYIELD","RICE","TONNE_HA","A","2011",2.66,
"COL","CROPYIELD","RICE","TONNE_HA","A","2012",2.747,
"COL","CROPYIELD","RICE","TONNE_HA","A","2013",2.614,
"COL","CROPYIELD","RICE","TONNE_HA","A","2014",2.732,
"COL","CROPYIELD","RICE","TONNE_HA","A","2015",2.808,
"COL","CROPYIELD","RICE","TONNE_HA","A","2016",2.946,
"COL","CROPYIELD","RICE","TONNE_HA","A","2017",2.775,
"COL","CROPYIELD","RICE","TONNE_HA","A","2018",2.987,
"COL","CROPYIELD","RICE","TONNE_HA","A","2019",3.02,
"COL","CROPYIELD","RICE","TONNE_HA","A","2020",3.079,
"COL","CROPYIELD","RICE","TONNE_HA","A","2021",3.095,
"COL","CROPYIELD","RICE","TONNE_HA","A","2022",3.11,
"COL","CROPYIELD","RICE","TONNE_HA","A","2023",3.127,
"COL","CROPYIELD","RICE","TONNE_HA","A","2024",3.142,
"COL","CROPYIELD","RICE","TONNE_HA","A","2025",3.157,
"COL","CROPYIELD","RICE","TONNE_HA","A","2026",3.173,
"COL","CROPYIELD","RICE","TONNE_HA","A","2027",3.188,
"COL","CROPYIELD","RICE","TONNE_HA","A","2028",3.204,
"COL","CROPYIELD","RICE","TONNE_HA","A","2029",3.219,
"COL","CROPYIELD","RICE","TONNE_HA","A","2030",3.235,
"EGY","CROPYIELD","RICE","TONNE_HA","A","1990",5.024,
"EGY","CROPYIELD","RICE","TONNE_HA","A","1991",5.15,
"EGY","CROPYIELD","RICE","TONNE_HA","A","1992",4.886,
"EGY","CROPYIELD","RICE","TONNE_HA","A","1993",4.939,
"EGY","CROPYIELD","RICE","TONNE_HA","A","1994",5.46,
"EGY","CROPYIELD","RICE","TONNE_HA","A","1995",5.62,
"EGY","CROPYIELD","RICE","TONNE_HA","A","1996",5.72,
"EGY","CROPYIELD","RICE","TONNE_HA","A","1997",5.808,
"EGY","CROPYIELD","RICE","TONNE_HA","A","1998",5.963,
"EGY","CROPYIELD","RICE","TONNE_HA","A","1999",6.128,
"EGY","CROPYIELD","RICE","TONNE_HA","A","2000",6.282,
"EGY","CROPYIELD","RICE","TONNE_HA","A","2001",6.403,
"EGY","CROPYIELD","RICE","TONNE_HA","A","2002",6.367,
"EGY","CROPYIELD","RICE","TONNE_HA","A","2003",6.723,
"EGY","CROPYIELD","RICE","TONNE_HA","A","2004",6.785,
"EGY","CROPYIELD","RICE","TONNE_HA","A","2005",6.891,
"EGY","CROPYIELD","RICE","TONNE_HA","A","2006",6.948,
"EGY","CROPYIELD","RICE","TONNE_HA","A","2007",6.74,
"EGY","CROPYIELD","RICE","TONNE_HA","A","2008",6.715,
"EGY","CROPYIELD","RICE","TONNE_HA","A","2009",6.619,
"EGY","CROPYIELD","RICE","TONNE_HA","A","2010",6.501,
"EGY","CROPYIELD","RICE","TONNE_HA","A","2011",6.603,
"EGY","CROPYIELD","RICE","TONNE_HA","A","2012",6.576,
"EGY","CROPYIELD","RICE","TONNE_HA","A","2013",6.618,
"EGY","CROPYIELD","RICE","TONNE_HA","A","2014",6.575,
"EGY","CROPYIELD","RICE","TONNE_HA","A","2015",6.509,
"EGY","CROPYIELD","RICE","TONNE_HA","A","2016",6.448,
"EGY","CROPYIELD","RICE","TONNE_HA","A","2017",6.232,
"EGY","CROPYIELD","RICE","TONNE_HA","A","2018",6.555,
"EGY","CROPYIELD","RICE","TONNE_HA","A","2019",6.28,
"EGY","CROPYIELD","RICE","TONNE_HA","A","2020",6.447,
"EGY","CROPYIELD","RICE","TONNE_HA","A","2021",6.524,
"EGY","CROPYIELD","RICE","TONNE_HA","A","2022",6.602,
"EGY","CROPYIELD","RICE","TONNE_HA","A","2023",6.685,
"EGY","CROPYIELD","RICE","TONNE_HA","A","2024",6.764,
"EGY","CROPYIELD","RICE","TONNE_HA","A","2025",6.845,
"EGY","CROPYIELD","RICE","TONNE_HA","A","2026",6.927,
"EGY","CROPYIELD","RICE","TONNE_HA","A","2027",7.011,
"EGY","CROPYIELD","RICE","TONNE_HA","A","2028",7.095,
"EGY","CROPYIELD","RICE","TONNE_HA","A","2029",7.181,
"EGY","CROPYIELD","RICE","TONNE_HA","A","2030",7.267,
"ETH","CROPYIELD","RICE","TONNE_HA","A","1990",1.852,
"ETH","CROPYIELD","RICE","TONNE_HA","A","1991",1.852,
"ETH","CROPYIELD","RICE","TONNE_HA","A","1992",1.852,
"ETH","CROPYIELD","RICE","TONNE_HA","A","1993",1,
"ETH","CROPYIELD","RICE","TONNE_HA","A","1994",1,
"ETH","CROPYIELD","RICE","TONNE_HA","A","1995",1,
"ETH","CROPYIELD","RICE","TONNE_HA","A","1996",1,
"ETH","CROPYIELD","RICE","TONNE_HA","A","1997",1,
"ETH","CROPYIELD","RICE","TONNE_HA","A","1998",1,
"ETH","CROPYIELD","RICE","TONNE_HA","A","1999",1.182,
"ETH","CROPYIELD","RICE","TONNE_HA","A","2000",1.182,
"ETH","CROPYIELD","RICE","TONNE_HA","A","2001",1.192,
"ETH","CROPYIELD","RICE","TONNE_HA","A","2002",1.213,
"ETH","CROPYIELD","RICE","TONNE_HA","A","2003",1.207,
"ETH","CROPYIELD","RICE","TONNE_HA","A","2004",1.2,
"ETH","CROPYIELD","RICE","TONNE_HA","A","2005",1.2,
"ETH","CROPYIELD","RICE","TONNE_HA","A","2006",1.174,
"ETH","CROPYIELD","RICE","TONNE_HA","A","2007",1.899,
"ETH","CROPYIELD","RICE","TONNE_HA","A","2008",1.322,
"ETH","CROPYIELD","RICE","TONNE_HA","A","2009",1.405,
"ETH","CROPYIELD","RICE","TONNE_HA","A","2010",1.965,
"ETH","CROPYIELD","RICE","TONNE_HA","A","2011",1.882,
"ETH","CROPYIELD","RICE","TONNE_HA","A","2012",1.882,
"ETH","CROPYIELD","RICE","TONNE_HA","A","2013",1.777,
"ETH","CROPYIELD","RICE","TONNE_HA","A","2014",1.831,
"ETH","CROPYIELD","RICE","TONNE_HA","A","2015",1.811,
"ETH","CROPYIELD","RICE","TONNE_HA","A","2016",1.826,
"ETH","CROPYIELD","RICE","TONNE_HA","A","2017",1.848,
"ETH","CROPYIELD","RICE","TONNE_HA","A","2018",1.773,
"ETH","CROPYIELD","RICE","TONNE_HA","A","2019",1.926,
"ETH","CROPYIELD","RICE","TONNE_HA","A","2020",1.928,
"ETH","CROPYIELD","RICE","TONNE_HA","A","2021",1.94,
"ETH","CROPYIELD","RICE","TONNE_HA","A","2022",1.961,
"ETH","CROPYIELD","RICE","TONNE_HA","A","2023",1.984,
"ETH","CROPYIELD","RICE","TONNE_HA","A","2024",2.005,
"ETH","CROPYIELD","RICE","TONNE_HA","A","2025",2.028,
"ETH","CROPYIELD","RICE","TONNE_HA","A","2026",2.05,
"ETH","CROPYIELD","RICE","TONNE_HA","A","2027",2.072,
"ETH","CROPYIELD","RICE","TONNE_HA","A","2028",2.095,
"ETH","CROPYIELD","RICE","TONNE_HA","A","2029",2.119,
"ETH","CROPYIELD","RICE","TONNE_HA","A","2030",2.142,
"IND","CROPYIELD","RICE","TONNE_HA","A","1990",1.74,
"IND","CROPYIELD","RICE","TONNE_HA","A","1991",1.751,
"IND","CROPYIELD","RICE","TONNE_HA","A","1992",1.744,
"IND","CROPYIELD","RICE","TONNE_HA","A","1993",1.888,
"IND","CROPYIELD","RICE","TONNE_HA","A","1994",1.911,
"IND","CROPYIELD","RICE","TONNE_HA","A","1995",1.797,
"IND","CROPYIELD","RICE","TONNE_HA","A","1996",1.882,
"IND","CROPYIELD","RICE","TONNE_HA","A","1997",1.9,
"IND","CROPYIELD","RICE","TONNE_HA","A","1998",1.921,
"IND","CROPYIELD","RICE","TONNE_HA","A","1999",1.986,
"IND","CROPYIELD","RICE","TONNE_HA","A","2000",1.901,
"IND","CROPYIELD","RICE","TONNE_HA","A","2001",2.079,
"IND","CROPYIELD","RICE","TONNE_HA","A","2002",1.743,
"IND","CROPYIELD","RICE","TONNE_HA","A","2003",2.078,
"IND","CROPYIELD","RICE","TONNE_HA","A","2004",1.984,
"IND","CROPYIELD","RICE","TONNE_HA","A","2005",2.105,
"IND","CROPYIELD","RICE","TONNE_HA","A","2006",2.131,
"IND","CROPYIELD","RICE","TONNE_HA","A","2007",2.202,
"IND","CROPYIELD","RICE","TONNE_HA","A","2008",2.178,
"IND","CROPYIELD","RICE","TONNE_HA","A","2009",2.125,
"IND","CROPYIELD","RICE","TONNE_HA","A","2010",2.239,
"IND","CROPYIELD","RICE","TONNE_HA","A","2011",2.393,
"IND","CROPYIELD","RICE","TONNE_HA","A","2012",2.462,
"IND","CROPYIELD","RICE","TONNE_HA","A","2013",2.416,
"IND","CROPYIELD","RICE","TONNE_HA","A","2014",2.391,
"IND","CROPYIELD","RICE","TONNE_HA","A","2015",2.4,
"IND","CROPYIELD","RICE","TONNE_HA","A","2016",2.494,
"IND","CROPYIELD","RICE","TONNE_HA","A","2017",2.576,
"IND","CROPYIELD","RICE","TONNE_HA","A","2018",2.638,
"IND","CROPYIELD","RICE","TONNE_HA","A","2019",2.705,
"IND","CROPYIELD","RICE","TONNE_HA","A","2020",2.697,
"IND","CROPYIELD","RICE","TONNE_HA","A","2021",2.776,
"IND","CROPYIELD","RICE","TONNE_HA","A","2022",2.818,
"IND","CROPYIELD","RICE","TONNE_HA","A","2023",2.851,
"IND","CROPYIELD","RICE","TONNE_HA","A","2024",2.887,
"IND","CROPYIELD","RICE","TONNE_HA","A","2025",2.928,
"IND","CROPYIELD","RICE","TONNE_HA","A","2026",2.969,
"IND","CROPYIELD","RICE","TONNE_HA","A","2027",3.01,
"IND","CROPYIELD","RICE","TONNE_HA","A","2028",3.052,
"IND","CROPYIELD","RICE","TONNE_HA","A","2029",3.094,
"IND","CROPYIELD","RICE","TONNE_HA","A","2030",3.136,
"IDN","CROPYIELD","RICE","TONNE_HA","A","1990",2.925,
"IDN","CROPYIELD","RICE","TONNE_HA","A","1991",2.794,
"IDN","CROPYIELD","RICE","TONNE_HA","A","1992",2.954,
"IDN","CROPYIELD","RICE","TONNE_HA","A","1993",2.975,
"IDN","CROPYIELD","RICE","TONNE_HA","A","1994",2.868,
"IDN","CROPYIELD","RICE","TONNE_HA","A","1995",2.87,
"IDN","CROPYIELD","RICE","TONNE_HA","A","1996",2.871,
"IDN","CROPYIELD","RICE","TONNE_HA","A","1997",2.792,
"IDN","CROPYIELD","RICE","TONNE_HA","A","1998",2.646,
"IDN","CROPYIELD","RICE","TONNE_HA","A","1999",2.687,
"IDN","CROPYIELD","RICE","TONNE_HA","A","2000",2.781,
"IDN","CROPYIELD","RICE","TONNE_HA","A","2001",2.773,
"IDN","CROPYIELD","RICE","TONNE_HA","A","2002",2.825,
"IDN","CROPYIELD","RICE","TONNE_HA","A","2003",2.868,
"IDN","CROPYIELD","RICE","TONNE_HA","A","2004",2.867,
"IDN","CROPYIELD","RICE","TONNE_HA","A","2005",2.891,
"IDN","CROPYIELD","RICE","TONNE_HA","A","2006",2.92,
"IDN","CROPYIELD","RICE","TONNE_HA","A","2007",2.937,
"IDN","CROPYIELD","RICE","TONNE_HA","A","2008",3.107,
"IDN","CROPYIELD","RICE","TONNE_HA","A","2009",3.144,
"IDN","CROPYIELD","RICE","TONNE_HA","A","2010",3.153,
"IDN","CROPYIELD","RICE","TONNE_HA","A","2011",3.137,
"IDN","CROPYIELD","RICE","TONNE_HA","A","2012",3.232,
"IDN","CROPYIELD","RICE","TONNE_HA","A","2013",3.242,
"IDN","CROPYIELD","RICE","TONNE_HA","A","2014",3.23,
"IDN","CROPYIELD","RICE","TONNE_HA","A","2015",3.362,
"IDN","CROPYIELD","RICE","TONNE_HA","A","2016",3.3,
"IDN","CROPYIELD","RICE","TONNE_HA","A","2017",3.251,
"IDN","CROPYIELD","RICE","TONNE_HA","A","2018",3.331,
"IDN","CROPYIELD","RICE","TONNE_HA","A","2019",3.274,
"IDN","CROPYIELD","RICE","TONNE_HA","A","2020",3.274,
"IDN","CROPYIELD","RICE","TONNE_HA","A","2021",3.298,
"IDN","CROPYIELD","RICE","TONNE_HA","A","2022",3.323,
"IDN","CROPYIELD","RICE","TONNE_HA","A","2023",3.349,
"IDN","CROPYIELD","RICE","TONNE_HA","A","2024",3.374,
"IDN","CROPYIELD","RICE","TONNE_HA","A","2025",3.399,
"IDN","CROPYIELD","RICE","TONNE_HA","A","2026",3.424,
"IDN","CROPYIELD","RICE","TONNE_HA","A","2027",3.45,
"IDN","CROPYIELD","RICE","TONNE_HA","A","2028",3.476,
"IDN","CROPYIELD","RICE","TONNE_HA","A","2029",3.502,
"IDN","CROPYIELD","RICE","TONNE_HA","A","2030",3.528,
"IRN","CROPYIELD","RICE","TONNE_HA","A","1990",2.495,
"IRN","CROPYIELD","RICE","TONNE_HA","A","1991",2.551,
"IRN","CROPYIELD","RICE","TONNE_HA","A","1992",2.495,
"IRN","CROPYIELD","RICE","TONNE_HA","A","1993",2.444,
"IRN","CROPYIELD","RICE","TONNE_HA","A","1994",2.528,
"IRN","CROPYIELD","RICE","TONNE_HA","A","1995",2.56,
"IRN","CROPYIELD","RICE","TONNE_HA","A","1996",2.819,
"IRN","CROPYIELD","RICE","TONNE_HA","A","1997",2.63,
"IRN","CROPYIELD","RICE","TONNE_HA","A","1998",2.839,
"IRN","CROPYIELD","RICE","TONNE_HA","A","1999",2.768,
"IRN","CROPYIELD","RICE","TONNE_HA","A","2000",2.381,
"IRN","CROPYIELD","RICE","TONNE_HA","A","2001",2.494,
"IRN","CROPYIELD","RICE","TONNE_HA","A","2002",3.047,
"IRN","CROPYIELD","RICE","TONNE_HA","A","2003",3.073,
"IRN","CROPYIELD","RICE","TONNE_HA","A","2004",2.682,
"IRN","CROPYIELD","RICE","TONNE_HA","A","2005",2.811,
"IRN","CROPYIELD","RICE","TONNE_HA","A","2006",2.672,
"IRN","CROPYIELD","RICE","TONNE_HA","A","2007",2.79,
"IRN","CROPYIELD","RICE","TONNE_HA","A","2008",2.534,
"IRN","CROPYIELD","RICE","TONNE_HA","A","2009",2.573,
"IRN","CROPYIELD","RICE","TONNE_HA","A","2010",2.85,
"IRN","CROPYIELD","RICE","TONNE_HA","A","2011",2.304,
"IRN","CROPYIELD","RICE","TONNE_HA","A","2012",2.671,
"IRN","CROPYIELD","RICE","TONNE_HA","A","2013",2.797,
"IRN","CROPYIELD","RICE","TONNE_HA","A","2014",2.808,
"IRN","CROPYIELD","RICE","TONNE_HA","A","2015",2.857,
"IRN","CROPYIELD","RICE","TONNE_HA","A","2016",3.161,
"IRN","CROPYIELD","RICE","TONNE_HA","A","2017",3.458,
"IRN","CROPYIELD","RICE","TONNE_HA","A","2018",3.216,
"IRN","CROPYIELD","RICE","TONNE_HA","A","2019",3.169,
"IRN","CROPYIELD","RICE","TONNE_HA","A","2020",3.144,
"IRN","CROPYIELD","RICE","TONNE_HA","A","2021",3.288,
"IRN","CROPYIELD","RICE","TONNE_HA","A","2022",3.322,
"IRN","CROPYIELD","RICE","TONNE_HA","A","2023",3.382,
"IRN","CROPYIELD","RICE","TONNE_HA","A","2024",3.427,
"IRN","CROPYIELD","RICE","TONNE_HA","A","2025",3.477,
"IRN","CROPYIELD","RICE","TONNE_HA","A","2026",3.527,
"IRN","CROPYIELD","RICE","TONNE_HA","A","2027",3.579,
"IRN","CROPYIELD","RICE","TONNE_HA","A","2028",3.631,
"IRN","CROPYIELD","RICE","TONNE_HA","A","2029",3.683,
"IRN","CROPYIELD","RICE","TONNE_HA","A","2030",3.737,
"KAZ","CROPYIELD","RICE","TONNE_HA","A","1990",3.992,
"KAZ","CROPYIELD","RICE","TONNE_HA","A","1991",2.911,
"KAZ","CROPYIELD","RICE","TONNE_HA","A","1992",2.574,
"KAZ","CROPYIELD","RICE","TONNE_HA","A","1993",2.4,
"KAZ","CROPYIELD","RICE","TONNE_HA","A","1994",1.851,
"KAZ","CROPYIELD","RICE","TONNE_HA","A","1995",1.299,
"KAZ","CROPYIELD","RICE","TONNE_HA","A","1996",1.705,
"KAZ","CROPYIELD","RICE","TONNE_HA","A","1997",1.999,
"KAZ","CROPYIELD","RICE","TONNE_HA","A","1998",2.145,
"KAZ","CROPYIELD","RICE","TONNE_HA","A","1999",1.872,
"KAZ","CROPYIELD","RICE","TONNE_HA","A","2000",1.983,
"KAZ","CROPYIELD","RICE","TONNE_HA","A","2001",1.915,
"KAZ","CROPYIELD","RICE","TONNE_HA","A","2002",2.021,
"KAZ","CROPYIELD","RICE","TONNE_HA","A","2003",2.183,
"KAZ","CROPYIELD","RICE","TONNE_HA","A","2004",2.411,
"KAZ","CROPYIELD","RICE","TONNE_HA","A","2005",2.236,
"KAZ","CROPYIELD","RICE","TONNE_HA","A","2006",2.199,
"KAZ","CROPYIELD","RICE","TONNE_HA","A","2007",2.247,
"KAZ","CROPYIELD","RICE","TONNE_HA","A","2008",2.25,
"KAZ","CROPYIELD","RICE","TONNE_HA","A","2009",2.356,
"KAZ","CROPYIELD","RICE","TONNE_HA","A","2010",2.648,
"KAZ","CROPYIELD","RICE","TONNE_HA","A","2011",2.479,
"KAZ","CROPYIELD","RICE","TONNE_HA","A","2012",2.516,
"KAZ","CROPYIELD","RICE","TONNE_HA","A","2013",2.569,
"KAZ","CROPYIELD","RICE","TONNE_HA","A","2014",2.639,
"KAZ","CROPYIELD","RICE","TONNE_HA","A","2015",2.85,
"KAZ","CROPYIELD","RICE","TONNE_HA","A","2016",3.168,
"KAZ","CROPYIELD","RICE","TONNE_HA","A","2017",3.124,
"KAZ","CROPYIELD","RICE","TONNE_HA","A","2018",3.158,
"KAZ","CROPYIELD","RICE","TONNE_HA","A","2019",3.667,
"KAZ","CROPYIELD","RICE","TONNE_HA","A","2020",3.631,
"KAZ","CROPYIELD","RICE","TONNE_HA","A","2021",3.612,
"KAZ","CROPYIELD","RICE","TONNE_HA","A","2022",3.642,
"KAZ","CROPYIELD","RICE","TONNE_HA","A","2023",3.692,
"KAZ","CROPYIELD","RICE","TONNE_HA","A","2024",3.745,
"KAZ","CROPYIELD","RICE","TONNE_HA","A","2025",3.8,
"KAZ","CROPYIELD","RICE","TONNE_HA","A","2026",3.854,
"KAZ","CROPYIELD","RICE","TONNE_HA","A","2027",3.91,
"KAZ","CROPYIELD","RICE","TONNE_HA","A","2028",3.966,
"KAZ","CROPYIELD","RICE","TONNE_HA","A","2029",4.023,
"KAZ","CROPYIELD","RICE","TONNE_HA","A","2030",4.08,
"MYS","CROPYIELD","RICE","TONNE_HA","A","1990",1.784,
"MYS","CROPYIELD","RICE","TONNE_HA","A","1991",1.815,
"MYS","CROPYIELD","RICE","TONNE_HA","A","1992",1.929,
"MYS","CROPYIELD","RICE","TONNE_HA","A","1993",1.958,
"MYS","CROPYIELD","RICE","TONNE_HA","A","1994",1.973,
"MYS","CROPYIELD","RICE","TONNE_HA","A","1995",2.04,
"MYS","CROPYIELD","RICE","TONNE_HA","A","1996",2.1,
"MYS","CROPYIELD","RICE","TONNE_HA","A","1997",1.98,
"MYS","CROPYIELD","RICE","TONNE_HA","A","1998",1.865,
"MYS","CROPYIELD","RICE","TONNE_HA","A","1999",1.902,
"MYS","CROPYIELD","RICE","TONNE_HA","A","2000",1.977,
"MYS","CROPYIELD","RICE","TONNE_HA","A","2001",2.006,
"MYS","CROPYIELD","RICE","TONNE_HA","A","2002",2.086,
"MYS","CROPYIELD","RICE","TONNE_HA","A","2003",2.165,
"MYS","CROPYIELD","RICE","TONNE_HA","A","2004",2.155,
"MYS","CROPYIELD","RICE","TONNE_HA","A","2005",2.234,
"MYS","CROPYIELD","RICE","TONNE_HA","A","2006",2.081,
"MYS","CROPYIELD","RICE","TONNE_HA","A","2007",2.264,
"MYS","CROPYIELD","RICE","TONNE_HA","A","2008",2.31,
"MYS","CROPYIELD","RICE","TONNE_HA","A","2009",2.401,
"MYS","CROPYIELD","RICE","TONNE_HA","A","2010",2.343,
"MYS","CROPYIELD","RICE","TONNE_HA","A","2011",2.415,
"MYS","CROPYIELD","RICE","TONNE_HA","A","2012",2.447,
"MYS","CROPYIELD","RICE","TONNE_HA","A","2013",2.497,
"MYS","CROPYIELD","RICE","TONNE_HA","A","2014",2.701,
"MYS","CROPYIELD","RICE","TONNE_HA","A","2015",2.593,
"MYS","CROPYIELD","RICE","TONNE_HA","A","2016",2.564,
"MYS","CROPYIELD","RICE","TONNE_HA","A","2017",2.418,
"MYS","CROPYIELD","RICE","TONNE_HA","A","2018",2.43,
"MYS","CROPYIELD","RICE","TONNE_HA","A","2019",2.258,
"MYS","CROPYIELD","RICE","TONNE_HA","A","2020",2.244,
"MYS","CROPYIELD","RICE","TONNE_HA","A","2021",2.394,
"MYS","CROPYIELD","RICE","TONNE_HA","A","2022",2.412,
"MYS","CROPYIELD","RICE","TONNE_HA","A","2023",2.431,
"MYS","CROPYIELD","RICE","TONNE_HA","A","2024",2.449,
"MYS","CROPYIELD","RICE","TONNE_HA","A","2025",2.468,
"MYS","CROPYIELD","RICE","TONNE_HA","A","2026",2.486,
"MYS","CROPYIELD","RICE","TONNE_HA","A","2027",2.505,
"MYS","CROPYIELD","RICE","TONNE_HA","A","2028",2.524,
"MYS","CROPYIELD","RICE","TONNE_HA","A","2029",2.543,
"MYS","CROPYIELD","RICE","TONNE_HA","A","2030",2.562,
"NGA","CROPYIELD","RICE","TONNE_HA","A","1990",1.242,
"NGA","CROPYIELD","RICE","TONNE_HA","A","1991",1.172,
"NGA","CROPYIELD","RICE","TONNE_HA","A","1992",1.176,
"NGA","CROPYIELD","RICE","TONNE_HA","A","1993",1.176,
"NGA","CROPYIELD","RICE","TONNE_HA","A","1994",0.85,
"NGA","CROPYIELD","RICE","TONNE_HA","A","1995",1.054,
"NGA","CROPYIELD","RICE","TONNE_HA","A","1996",1.05,
"NGA","CROPYIELD","RICE","TONNE_HA","A","1997",0.957,
"NGA","CROPYIELD","RICE","TONNE_HA","A","1998",0.961,
"NGA","CROPYIELD","RICE","TONNE_HA","A","1999",0.897,
"NGA","CROPYIELD","RICE","TONNE_HA","A","2000",0.9,
"NGA","CROPYIELD","RICE","TONNE_HA","A","2001",0.78,
"NGA","CROPYIELD","RICE","TONNE_HA","A","2002",0.804,
"NGA","CROPYIELD","RICE","TONNE_HA","A","2003",0.846,
"NGA","CROPYIELD","RICE","TONNE_HA","A","2004",0.852,
"NGA","CROPYIELD","RICE","TONNE_HA","A","2005",0.858,
"NGA","CROPYIELD","RICE","TONNE_HA","A","2006",0.89,
"NGA","CROPYIELD","RICE","TONNE_HA","A","2007",0.78,
"NGA","CROPYIELD","RICE","TONNE_HA","A","2008",1.053,
"NGA","CROPYIELD","RICE","TONNE_HA","A","2009",1.158,
"NGA","CROPYIELD","RICE","TONNE_HA","A","2010",1.103,
"NGA","CROPYIELD","RICE","TONNE_HA","A","2011",1.22,
"NGA","CROPYIELD","RICE","TONNE_HA","A","2012",1.138,
"NGA","CROPYIELD","RICE","TONNE_HA","A","2013",1.191,
"NGA","CROPYIELD","RICE","TONNE_HA","A","2014",1.297,
"NGA","CROPYIELD","RICE","TONNE_HA","A","2015",1.245,
"NGA","CROPYIELD","RICE","TONNE_HA","A","2016",1.202,
"NGA","CROPYIELD","RICE","TONNE_HA","A","2017",1.249,
"NGA","CROPYIELD","RICE","TONNE_HA","A","2018",1.24,
"NGA","CROPYIELD","RICE","TONNE_HA","A","2019",1.227,
"NGA","CROPYIELD","RICE","TONNE_HA","A","2020",1.169,
"NGA","CROPYIELD","RICE","TONNE_HA","A","2021",1.25,
"NGA","CROPYIELD","RICE","TONNE_HA","A","2022",1.262,
"NGA","CROPYIELD","RICE","TONNE_HA","A","2023",1.279,
"NGA","CROPYIELD","RICE","TONNE_HA","A","2024",1.294,
"NGA","CROPYIELD","RICE","TONNE_HA","A","2025",1.31,
"NGA","CROPYIELD","RICE","TONNE_HA","A","2026",1.325,
"NGA","CROPYIELD","RICE","TONNE_HA","A","2027",1.342,
"NGA","CROPYIELD","RICE","TONNE_HA","A","2028",1.358,
"NGA","CROPYIELD","RICE","TONNE_HA","A","2029",1.376,
"NGA","CROPYIELD","RICE","TONNE_HA","A","2030",1.393,
"PAK","CROPYIELD","RICE","TONNE_HA","A","1990",1.544,
"PAK","CROPYIELD","RICE","TONNE_HA","A","1991",1.547,
"PAK","CROPYIELD","RICE","TONNE_HA","A","1992",1.579,
"PAK","CROPYIELD","RICE","TONNE_HA","A","1993",1.827,
"PAK","CROPYIELD","RICE","TONNE_HA","A","1994",1.622,
"PAK","CROPYIELD","RICE","TONNE_HA","A","1995",1.834,
"PAK","CROPYIELD","RICE","TONNE_HA","A","1996",1.912,
"PAK","CROPYIELD","RICE","TONNE_HA","A","1997",1.87,
"PAK","CROPYIELD","RICE","TONNE_HA","A","1998",1.928,
"PAK","CROPYIELD","RICE","TONNE_HA","A","1999",2.05,
"PAK","CROPYIELD","RICE","TONNE_HA","A","2000",2.021,
"PAK","CROPYIELD","RICE","TONNE_HA","A","2001",1.836,
"PAK","CROPYIELD","RICE","TONNE_HA","A","2002",2.013,
"PAK","CROPYIELD","RICE","TONNE_HA","A","2003",1.97,
"PAK","CROPYIELD","RICE","TONNE_HA","A","2004",1.994,
"PAK","CROPYIELD","RICE","TONNE_HA","A","2005",2.116,
"PAK","CROPYIELD","RICE","TONNE_HA","A","2006",2.107,
"PAK","CROPYIELD","RICE","TONNE_HA","A","2007",2.21,
"PAK","CROPYIELD","RICE","TONNE_HA","A","2008",2.348,
"PAK","CROPYIELD","RICE","TONNE_HA","A","2009",2.387,
"PAK","CROPYIELD","RICE","TONNE_HA","A","2010",2.039,
"PAK","CROPYIELD","RICE","TONNE_HA","A","2011",2.396,
"PAK","CROPYIELD","RICE","TONNE_HA","A","2012",2.398,
"PAK","CROPYIELD","RICE","TONNE_HA","A","2013",2.438,
"PAK","CROPYIELD","RICE","TONNE_HA","A","2014",2.422,
"PAK","CROPYIELD","RICE","TONNE_HA","A","2015",2.483,
"PAK","CROPYIELD","RICE","TONNE_HA","A","2016",2.514,
"PAK","CROPYIELD","RICE","TONNE_HA","A","2017",2.568,
"PAK","CROPYIELD","RICE","TONNE_HA","A","2018",2.563,
"PAK","CROPYIELD","RICE","TONNE_HA","A","2019",2.443,
"PAK","CROPYIELD","RICE","TONNE_HA","A","2020",2.419,
"PAK","CROPYIELD","RICE","TONNE_HA","A","2021",2.585,
"PAK","CROPYIELD","RICE","TONNE_HA","A","2022",2.606,
"PAK","CROPYIELD","RICE","TONNE_HA","A","2023",2.628,
"PAK","CROPYIELD","RICE","TONNE_HA","A","2024",2.648,
"PAK","CROPYIELD","RICE","TONNE_HA","A","2025",2.67,
"PAK","CROPYIELD","RICE","TONNE_HA","A","2026",2.691,
"PAK","CROPYIELD","RICE","TONNE_HA","A","2027",2.713,
"PAK","CROPYIELD","RICE","TONNE_HA","A","2028",2.735,
"PAK","CROPYIELD","RICE","TONNE_HA","A","2029",2.757,
"PAK","CROPYIELD","RICE","TONNE_HA","A","2030",2.779,
"PRY","CROPYIELD","RICE","TONNE_HA","A","1990",1.771,
"PRY","CROPYIELD","RICE","TONNE_HA","A","1991",1.75,
"PRY","CROPYIELD","RICE","TONNE_HA","A","1992",1.824,
"PRY","CROPYIELD","RICE","TONNE_HA","A","1993",1.8,
"PRY","CROPYIELD","RICE","TONNE_HA","A","1994",1.663,
"PRY","CROPYIELD","RICE","TONNE_HA","A","1995",2.487,
"PRY","CROPYIELD","RICE","TONNE_HA","A","1996",2.274,
"PRY","CROPYIELD","RICE","TONNE_HA","A","1997",2.291,
"PRY","CROPYIELD","RICE","TONNE_HA","A","1998",2.289,
"PRY","CROPYIELD","RICE","TONNE_HA","A","1999",2.848,
"PRY","CROPYIELD","RICE","TONNE_HA","A","2000",2.459,
"PRY","CROPYIELD","RICE","TONNE_HA","A","2001",2.533,
"PRY","CROPYIELD","RICE","TONNE_HA","A","2002",2.489,
"PRY","CROPYIELD","RICE","TONNE_HA","A","2003",2.381,
"PRY","CROPYIELD","RICE","TONNE_HA","A","2004",2.602,
"PRY","CROPYIELD","RICE","TONNE_HA","A","2005",2.004,
"PRY","CROPYIELD","RICE","TONNE_HA","A","2006",1.958,
"PRY","CROPYIELD","RICE","TONNE_HA","A","2007",2.198,
"PRY","CROPYIELD","RICE","TONNE_HA","A","2008",2.952,
"PRY","CROPYIELD","RICE","TONNE_HA","A","2009",2.976,
"PRY","CROPYIELD","RICE","TONNE_HA","A","2010",3.645,
"PRY","CROPYIELD","RICE","TONNE_HA","A","2011",3.602,
"PRY","CROPYIELD","RICE","TONNE_HA","A","2012",3.433,
"PRY","CROPYIELD","RICE","TONNE_HA","A","2013",4.37,
"PRY","CROPYIELD","RICE","TONNE_HA","A","2014",4.657,
"PRY","CROPYIELD","RICE","TONNE_HA","A","2015",4.642,
"PRY","CROPYIELD","RICE","TONNE_HA","A","2016",4.573,
"PRY","CROPYIELD","RICE","TONNE_HA","A","2017",4.576,
"PRY","CROPYIELD","RICE","TONNE_HA","A","2018",4.369,
"PRY","CROPYIELD","RICE","TONNE_HA","A","2019",4.576,
"PRY","CROPYIELD","RICE","TONNE_HA","A","2020",4.585,
"PRY","CROPYIELD","RICE","TONNE_HA","A","2021",4.688,
"PRY","CROPYIELD","RICE","TONNE_HA","A","2022",4.734,
"PRY","CROPYIELD","RICE","TONNE_HA","A","2023",4.819,
"PRY","CROPYIELD","RICE","TONNE_HA","A","2024",4.879,
"PRY","CROPYIELD","RICE","TONNE_HA","A","2025",4.949,
"PRY","CROPYIELD","RICE","TONNE_HA","A","2026",5.018,
"PRY","CROPYIELD","RICE","TONNE_HA","A","2027",5.091,
"PRY","CROPYIELD","RICE","TONNE_HA","A","2028",5.163,
"PRY","CROPYIELD","RICE","TONNE_HA","A","2029",5.238,
"PRY","CROPYIELD","RICE","TONNE_HA","A","2030",5.313,
"PER","CROPYIELD","RICE","TONNE_HA","A","1990",3.577,
"PER","CROPYIELD","RICE","TONNE_HA","A","1991",3.555,
"PER","CROPYIELD","RICE","TONNE_HA","A","1992",3.446,
"PER","CROPYIELD","RICE","TONNE_HA","A","1993",3.752,
"PER","CROPYIELD","RICE","TONNE_HA","A","1994",4.046,
"PER","CROPYIELD","RICE","TONNE_HA","A","1995",3.769,
"PER","CROPYIELD","RICE","TONNE_HA","A","1996",3.838,
"PER","CROPYIELD","RICE","TONNE_HA","A","1997",4.097,
"PER","CROPYIELD","RICE","TONNE_HA","A","1998",3.857,
"PER","CROPYIELD","RICE","TONNE_HA","A","1999",4.204,
"PER","CROPYIELD","RICE","TONNE_HA","A","2000",4.483,
"PER","CROPYIELD","RICE","TONNE_HA","A","2001",4.596,
"PER","CROPYIELD","RICE","TONNE_HA","A","2002",4.541,
"PER","CROPYIELD","RICE","TONNE_HA","A","2003",4.62,
"PER","CROPYIELD","RICE","TONNE_HA","A","2004",4.379,
"PER","CROPYIELD","RICE","TONNE_HA","A","2005",4.696,
"PER","CROPYIELD","RICE","TONNE_HA","A","2006",4.676,
"PER","CROPYIELD","RICE","TONNE_HA","A","2007",4.849,
"PER","CROPYIELD","RICE","TONNE_HA","A","2008",5.003,
"PER","CROPYIELD","RICE","TONNE_HA","A","2009",5.027,
"PER","CROPYIELD","RICE","TONNE_HA","A","2010",4.954,
"PER","CROPYIELD","RICE","TONNE_HA","A","2011",4.963,
"PER","CROPYIELD","RICE","TONNE_HA","A","2012",5.254,
"PER","CROPYIELD","RICE","TONNE_HA","A","2013",5.245,
"PER","CROPYIELD","RICE","TONNE_HA","A","2014",5.165,
"PER","CROPYIELD","RICE","TONNE_HA","A","2015",5.364,
"PER","CROPYIELD","RICE","TONNE_HA","A","2016",5.15,
"PER","CROPYIELD","RICE","TONNE_HA","A","2017",4.892,
"PER","CROPYIELD","RICE","TONNE_HA","A","2018",5.525,
"PER","CROPYIELD","RICE","TONNE_HA","A","2019",5.23,
"PER","CROPYIELD","RICE","TONNE_HA","A","2020",5.424,
"PER","CROPYIELD","RICE","TONNE_HA","A","2021",5.478,
"PER","CROPYIELD","RICE","TONNE_HA","A","2022",5.532,
"PER","CROPYIELD","RICE","TONNE_HA","A","2023",5.59,
"PER","CROPYIELD","RICE","TONNE_HA","A","2024",5.645,
"PER","CROPYIELD","RICE","TONNE_HA","A","2025",5.703,
"PER","CROPYIELD","RICE","TONNE_HA","A","2026",5.759,
"PER","CROPYIELD","RICE","TONNE_HA","A","2027",5.817,
"PER","CROPYIELD","RICE","TONNE_HA","A","2028",5.875,
"PER","CROPYIELD","RICE","TONNE_HA","A","2029",5.935,
"PER","CROPYIELD","RICE","TONNE_HA","A","2030",5.994,
"PHL","CROPYIELD","RICE","TONNE_HA","A","1990",1.883,
"PHL","CROPYIELD","RICE","TONNE_HA","A","1991",1.816,
"PHL","CROPYIELD","RICE","TONNE_HA","A","1992",1.922,
"PHL","CROPYIELD","RICE","TONNE_HA","A","1993",1.831,
"PHL","CROPYIELD","RICE","TONNE_HA","A","1994",1.851,
"PHL","CROPYIELD","RICE","TONNE_HA","A","1995",1.868,
"PHL","CROPYIELD","RICE","TONNE_HA","A","1996",1.873,
"PHL","CROPYIELD","RICE","TONNE_HA","A","1997",1.867,
"PHL","CROPYIELD","RICE","TONNE_HA","A","1998",1.852,
"PHL","CROPYIELD","RICE","TONNE_HA","A","1999",1.957,
"PHL","CROPYIELD","RICE","TONNE_HA","A","2000",2.031,
"PHL","CROPYIELD","RICE","TONNE_HA","A","2001",2.089,
"PHL","CROPYIELD","RICE","TONNE_HA","A","2002",2.159,
"PHL","CROPYIELD","RICE","TONNE_HA","A","2003",2.262,
"PHL","CROPYIELD","RICE","TONNE_HA","A","2004",2.325,
"PHL","CROPYIELD","RICE","TONNE_HA","A","2005",2.374,
"PHL","CROPYIELD","RICE","TONNE_HA","A","2006",2.418,
"PHL","CROPYIELD","RICE","TONNE_HA","A","2007",2.504,
"PHL","CROPYIELD","RICE","TONNE_HA","A","2008",2.466,
"PHL","CROPYIELD","RICE","TONNE_HA","A","2009",2.303,
"PHL","CROPYIELD","RICE","TONNE_HA","A","2010",2.416,
"PHL","CROPYIELD","RICE","TONNE_HA","A","2011",2.428,
"PHL","CROPYIELD","RICE","TONNE_HA","A","2012",2.525,
"PHL","CROPYIELD","RICE","TONNE_HA","A","2013",2.564,
"PHL","CROPYIELD","RICE","TONNE_HA","A","2014",2.629,
"PHL","CROPYIELD","RICE","TONNE_HA","A","2015",2.527,
"PHL","CROPYIELD","RICE","TONNE_HA","A","2016",2.569,
"PHL","CROPYIELD","RICE","TONNE_HA","A","2017",2.622,
"PHL","CROPYIELD","RICE","TONNE_HA","A","2018",2.569,
"PHL","CROPYIELD","RICE","TONNE_HA","A","2019",2.67,
"PHL","CROPYIELD","RICE","TONNE_HA","A","2020",2.704,
"PHL","CROPYIELD","RICE","TONNE_HA","A","2021",2.736,
"PHL","CROPYIELD","RICE","TONNE_HA","A","2022",2.771,
"PHL","CROPYIELD","RICE","TONNE_HA","A","2023",2.82,
"PHL","CROPYIELD","RICE","TONNE_HA","A","2024",2.857,
"PHL","CROPYIELD","RICE","TONNE_HA","A","2025",2.897,
"PHL","CROPYIELD","RICE","TONNE_HA","A","2026",2.938,
"PHL","CROPYIELD","RICE","TONNE_HA","A","2027",2.981,
"PHL","CROPYIELD","RICE","TONNE_HA","A","2028",3.023,
"PHL","CROPYIELD","RICE","TONNE_HA","A","2029",3.067,
"PHL","CROPYIELD","RICE","TONNE_HA","A","2030",3.111,
"RUS","CROPYIELD","RICE","TONNE_HA","A","1990",3.128,
"RUS","CROPYIELD","RICE","TONNE_HA","A","1991",2.897,
"RUS","CROPYIELD","RICE","TONNE_HA","A","1992",2.841,
"RUS","CROPYIELD","RICE","TONNE_HA","A","1993",2.637,
"RUS","CROPYIELD","RICE","TONNE_HA","A","1994",2.713,
"RUS","CROPYIELD","RICE","TONNE_HA","A","1995",2.702,
"RUS","CROPYIELD","RICE","TONNE_HA","A","1996",2.256,
"RUS","CROPYIELD","RICE","TONNE_HA","A","1997",2.169,
"RUS","CROPYIELD","RICE","TONNE_HA","A","1998",2.836,
"RUS","CROPYIELD","RICE","TONNE_HA","A","1999",2.567,
"RUS","CROPYIELD","RICE","TONNE_HA","A","2000",3.348,
"RUS","CROPYIELD","RICE","TONNE_HA","A","2001",3.239,
"RUS","CROPYIELD","RICE","TONNE_HA","A","2002",3.304,
"RUS","CROPYIELD","RICE","TONNE_HA","A","2003",2.882,
"RUS","CROPYIELD","RICE","TONNE_HA","A","2004",3.556,
"RUS","CROPYIELD","RICE","TONNE_HA","A","2005",3.964,
"RUS","CROPYIELD","RICE","TONNE_HA","A","2006",4.184,
"RUS","CROPYIELD","RICE","TONNE_HA","A","2007",4.343,
"RUS","CROPYIELD","RICE","TONNE_HA","A","2008",4.496,
"RUS","CROPYIELD","RICE","TONNE_HA","A","2009",4.992,
"RUS","CROPYIELD","RICE","TONNE_HA","A","2010",5.218,
"RUS","CROPYIELD","RICE","TONNE_HA","A","2011",5.002,
"RUS","CROPYIELD","RICE","TONNE_HA","A","2012",5.224,
"RUS","CROPYIELD","RICE","TONNE_HA","A","2013",4.916,
"RUS","CROPYIELD","RICE","TONNE_HA","A","2014",5.33,
"RUS","CROPYIELD","RICE","TONNE_HA","A","2015",5.491,
"RUS","CROPYIELD","RICE","TONNE_HA","A","2016",5.208,
"RUS","CROPYIELD","RICE","TONNE_HA","A","2017",5.285,
"RUS","CROPYIELD","RICE","TONNE_HA","A","2018",5.72,
"RUS","CROPYIELD","RICE","TONNE_HA","A","2019",5.66,
"RUS","CROPYIELD","RICE","TONNE_HA","A","2020",5.749,
"RUS","CROPYIELD","RICE","TONNE_HA","A","2021",5.795,
"RUS","CROPYIELD","RICE","TONNE_HA","A","2022",5.841,
"RUS","CROPYIELD","RICE","TONNE_HA","A","2023",5.891,
"RUS","CROPYIELD","RICE","TONNE_HA","A","2024",5.937,
"RUS","CROPYIELD","RICE","TONNE_HA","A","2025",5.985,
"RUS","CROPYIELD","RICE","TONNE_HA","A","2026",6.032,
"RUS","CROPYIELD","RICE","TONNE_HA","A","2027",6.081,
"RUS","CROPYIELD","RICE","TONNE_HA","A","2028",6.13,
"RUS","CROPYIELD","RICE","TONNE_HA","A","2029",6.18,
"RUS","CROPYIELD","RICE","TONNE_HA","A","2030",6.229,
"SAU","CROPYIELD","RICE","TONNE_HA","A","1990",1,
"SAU","CROPYIELD","RICE","TONNE_HA","A","1991",1,
"SAU","CROPYIELD","RICE","TONNE_HA","A","1992",1,
"SAU","CROPYIELD","RICE","TONNE_HA","A","1993",1,
"SAU","CROPYIELD","RICE","TONNE_HA","A","1994",1,
"SAU","CROPYIELD","RICE","TONNE_HA","A","1995",1,
"SAU","CROPYIELD","RICE","TONNE_HA","A","1996",1,
"SAU","CROPYIELD","RICE","TONNE_HA","A","1997",1,
"SAU","CROPYIELD","RICE","TONNE_HA","A","1998",1,
"SAU","CROPYIELD","RICE","TONNE_HA","A","1999",1,
"SAU","CROPYIELD","RICE","TONNE_HA","A","2000",1,
"SAU","CROPYIELD","RICE","TONNE_HA","A","2001",1,
"SAU","CROPYIELD","RICE","TONNE_HA","A","2002",1,
"SAU","CROPYIELD","RICE","TONNE_HA","A","2003",1,
"SAU","CROPYIELD","RICE","TONNE_HA","A","2004",1,
"SAU","CROPYIELD","RICE","TONNE_HA","A","2005",1,
"SAU","CROPYIELD","RICE","TONNE_HA","A","2006",1,
"SAU","CROPYIELD","RICE","TONNE_HA","A","2007",1,
"SAU","CROPYIELD","RICE","TONNE_HA","A","2008",1,
"SAU","CROPYIELD","RICE","TONNE_HA","A","2009",1,
"SAU","CROPYIELD","RICE","TONNE_HA","A","2010",1,
"SAU","CROPYIELD","RICE","TONNE_HA","A","2011",1,
"SAU","CROPYIELD","RICE","TONNE_HA","A","2012",1,
"SAU","CROPYIELD","RICE","TONNE_HA","A","2013",1,
"SAU","CROPYIELD","RICE","TONNE_HA","A","2014",1,
"SAU","CROPYIELD","RICE","TONNE_HA","A","2015",1,
"SAU","CROPYIELD","RICE","TONNE_HA","A","2016",1,
"SAU","CROPYIELD","RICE","TONNE_HA","A","2017",1,
"SAU","CROPYIELD","RICE","TONNE_HA","A","2018",1,
"SAU","CROPYIELD","RICE","TONNE_HA","A","2019",1,
"SAU","CROPYIELD","RICE","TONNE_HA","A","2020",1,
"SAU","CROPYIELD","RICE","TONNE_HA","A","2021",1.038,
"SAU","CROPYIELD","RICE","TONNE_HA","A","2022",1.047,
"SAU","CROPYIELD","RICE","TONNE_HA","A","2023",1.064,
"SAU","CROPYIELD","RICE","TONNE_HA","A","2024",1.079,
"SAU","CROPYIELD","RICE","TONNE_HA","A","2025",1.096,
"SAU","CROPYIELD","RICE","TONNE_HA","A","2026",1.112,
"SAU","CROPYIELD","RICE","TONNE_HA","A","2027",1.128,
"SAU","CROPYIELD","RICE","TONNE_HA","A","2028",1.145,
"SAU","CROPYIELD","RICE","TONNE_HA","A","2029",1.161,
"SAU","CROPYIELD","RICE","TONNE_HA","A","2030",1.178,
"ZAF","CROPYIELD","RICE","TONNE_HA","A","1990",2,
"ZAF","CROPYIELD","RICE","TONNE_HA","A","1991",2,
"ZAF","CROPYIELD","RICE","TONNE_HA","A","1992",2,
"ZAF","CROPYIELD","RICE","TONNE_HA","A","1993",2,
"ZAF","CROPYIELD","RICE","TONNE_HA","A","1994",2,
"ZAF","CROPYIELD","RICE","TONNE_HA","A","1995",2,
"ZAF","CROPYIELD","RICE","TONNE_HA","A","1996",2,
"ZAF","CROPYIELD","RICE","TONNE_HA","A","1997",2,
"ZAF","CROPYIELD","RICE","TONNE_HA","A","1998",2,
"ZAF","CROPYIELD","RICE","TONNE_HA","A","1999",2,
"ZAF","CROPYIELD","RICE","TONNE_HA","A","2000",2.001,
"ZAF","CROPYIELD","RICE","TONNE_HA","A","2001",2.001,
"ZAF","CROPYIELD","RICE","TONNE_HA","A","2002",2.001,
"ZAF","CROPYIELD","RICE","TONNE_HA","A","2003",2.001,
"ZAF","CROPYIELD","RICE","TONNE_HA","A","2004",2.001,
"ZAF","CROPYIELD","RICE","TONNE_HA","A","2005",2.001,
"ZAF","CROPYIELD","RICE","TONNE_HA","A","2006",2.001,
"ZAF","CROPYIELD","RICE","TONNE_HA","A","2007",2.001,
"ZAF","CROPYIELD","RICE","TONNE_HA","A","2008",2.001,
"ZAF","CROPYIELD","RICE","TONNE_HA","A","2009",2.001,
"ZAF","CROPYIELD","RICE","TONNE_HA","A","2010",2.001,
"ZAF","CROPYIELD","RICE","TONNE_HA","A","2011",2.001,
"ZAF","CROPYIELD","RICE","TONNE_HA","A","2012",2.001,
"ZAF","CROPYIELD","RICE","TONNE_HA","A","2013",2.001,
"ZAF","CROPYIELD","RICE","TONNE_HA","A","2014",2.001,
"ZAF","CROPYIELD","RICE","TONNE_HA","A","2015",2.001,
"ZAF","CROPYIELD","RICE","TONNE_HA","A","2016",2.001,
"ZAF","CROPYIELD","RICE","TONNE_HA","A","2017",2.001,
"ZAF","CROPYIELD","RICE","TONNE_HA","A","2018",2.001,
"ZAF","CROPYIELD","RICE","TONNE_HA","A","2019",2.001,
"ZAF","CROPYIELD","RICE","TONNE_HA","A","2020",2.001,
"ZAF","CROPYIELD","RICE","TONNE_HA","A","2021",2.091,
"ZAF","CROPYIELD","RICE","TONNE_HA","A","2022",2.107,
"ZAF","CROPYIELD","RICE","TONNE_HA","A","2023",2.139,
"ZAF","CROPYIELD","RICE","TONNE_HA","A","2024",2.165,
"ZAF","CROPYIELD","RICE","TONNE_HA","A","2025",2.195,
"ZAF","CROPYIELD","RICE","TONNE_HA","A","2026",2.225,
"ZAF","CROPYIELD","RICE","TONNE_HA","A","2027",2.257,
"ZAF","CROPYIELD","RICE","TONNE_HA","A","2028",2.288,
"ZAF","CROPYIELD","RICE","TONNE_HA","A","2029",2.321,
"ZAF","CROPYIELD","RICE","TONNE_HA","A","2030",2.354,
"THA","CROPYIELD","RICE","TONNE_HA","A","1990",1.295,
"THA","CROPYIELD","RICE","TONNE_HA","A","1991",1.492,
"THA","CROPYIELD","RICE","TONNE_HA","A","1992",1.439,
"THA","CROPYIELD","RICE","TONNE_HA","A","1993",1.44,
"THA","CROPYIELD","RICE","TONNE_HA","A","1994",1.557,
"THA","CROPYIELD","RICE","TONNE_HA","A","1995",1.599,
"THA","CROPYIELD","RICE","TONNE_HA","A","1996",1.595,
"THA","CROPYIELD","RICE","TONNE_HA","A","1997",1.575,
"THA","CROPYIELD","RICE","TONNE_HA","A","1998",1.601,
"THA","CROPYIELD","RICE","TONNE_HA","A","1999",1.605,
"THA","CROPYIELD","RICE","TONNE_HA","A","2000",1.73,
"THA","CROPYIELD","RICE","TONNE_HA","A","2001",1.833,
"THA","CROPYIELD","RICE","TONNE_HA","A","2002",1.92,
"THA","CROPYIELD","RICE","TONNE_HA","A","2003",1.942,
"THA","CROPYIELD","RICE","TONNE_HA","A","2004",1.913,
"THA","CROPYIELD","RICE","TONNE_HA","A","2005",1.984,
"THA","CROPYIELD","RICE","TONNE_HA","A","2006",1.953,
"THA","CROPYIELD","RICE","TONNE_HA","A","2007",2.015,
"THA","CROPYIELD","RICE","TONNE_HA","A","2008",1.984,
"THA","CROPYIELD","RICE","TONNE_HA","A","2009",1.925,
"THA","CROPYIELD","RICE","TONNE_HA","A","2010",1.967,
"THA","CROPYIELD","RICE","TONNE_HA","A","2011",2.11,
"THA","CROPYIELD","RICE","TONNE_HA","A","2012",2.104,
"THA","CROPYIELD","RICE","TONNE_HA","A","2013",2.083,
"THA","CROPYIELD","RICE","TONNE_HA","A","2014",1.963,
"THA","CROPYIELD","RICE","TONNE_HA","A","2015",1.886,
"THA","CROPYIELD","RICE","TONNE_HA","A","2016",1.969,
"THA","CROPYIELD","RICE","TONNE_HA","A","2017",2.032,
"THA","CROPYIELD","RICE","TONNE_HA","A","2018",2.011,
"THA","CROPYIELD","RICE","TONNE_HA","A","2019",1.895,
"THA","CROPYIELD","RICE","TONNE_HA","A","2020",1.936,
"THA","CROPYIELD","RICE","TONNE_HA","A","2021",1.955,
"THA","CROPYIELD","RICE","TONNE_HA","A","2022",1.975,
"THA","CROPYIELD","RICE","TONNE_HA","A","2023",1.996,
"THA","CROPYIELD","RICE","TONNE_HA","A","2024",2.015,
"THA","CROPYIELD","RICE","TONNE_HA","A","2025",2.036,
"THA","CROPYIELD","RICE","TONNE_HA","A","2026",2.056,
"THA","CROPYIELD","RICE","TONNE_HA","A","2027",2.077,
"THA","CROPYIELD","RICE","TONNE_HA","A","2028",2.097,
"THA","CROPYIELD","RICE","TONNE_HA","A","2029",2.119,
"THA","CROPYIELD","RICE","TONNE_HA","A","2030",2.14,
"UKR","CROPYIELD","RICE","TONNE_HA","A","1990",3.772,
"UKR","CROPYIELD","RICE","TONNE_HA","A","1991",2.958,
"UKR","CROPYIELD","RICE","TONNE_HA","A","1992",2.558,
"UKR","CROPYIELD","RICE","TONNE_HA","A","1993",1.973,
"UKR","CROPYIELD","RICE","TONNE_HA","A","1994",2.395,
"UKR","CROPYIELD","RICE","TONNE_HA","A","1995",2.426,
"UKR","CROPYIELD","RICE","TONNE_HA","A","1996",2.411,
"UKR","CROPYIELD","RICE","TONNE_HA","A","1997",1.927,
"UKR","CROPYIELD","RICE","TONNE_HA","A","1998",2.31,
"UKR","CROPYIELD","RICE","TONNE_HA","A","1999",1.937,
"UKR","CROPYIELD","RICE","TONNE_HA","A","2000",2.393,
"UKR","CROPYIELD","RICE","TONNE_HA","A","2001",2.425,
"UKR","CROPYIELD","RICE","TONNE_HA","A","2002",2.647,
"UKR","CROPYIELD","RICE","TONNE_HA","A","2003",2.501,
"UKR","CROPYIELD","RICE","TONNE_HA","A","2004",2.518,
"UKR","CROPYIELD","RICE","TONNE_HA","A","2005",2.868,
"UKR","CROPYIELD","RICE","TONNE_HA","A","2006",3.087,
"UKR","CROPYIELD","RICE","TONNE_HA","A","2007",3.414,
"UKR","CROPYIELD","RICE","TONNE_HA","A","2008",3.392,
"UKR","CROPYIELD","RICE","TONNE_HA","A","2009",3.89,
"UKR","CROPYIELD","RICE","TONNE_HA","A","2010",3.404,
"UKR","CROPYIELD","RICE","TONNE_HA","A","2011",3.829,
"UKR","CROPYIELD","RICE","TONNE_HA","A","2012",4.131,
"UKR","CROPYIELD","RICE","TONNE_HA","A","2013",3.999,
"UKR","CROPYIELD","RICE","TONNE_HA","A","2014",3.329,
"UKR","CROPYIELD","RICE","TONNE_HA","A","2015",3.563,
"UKR","CROPYIELD","RICE","TONNE_HA","A","2016",3.543,
"UKR","CROPYIELD","RICE","TONNE_HA","A","2017",3.356,
"UKR","CROPYIELD","RICE","TONNE_HA","A","2018",3.664,
"UKR","CROPYIELD","RICE","TONNE_HA","A","2019",3.467,
"UKR","CROPYIELD","RICE","TONNE_HA","A","2020",3.725,
"UKR","CROPYIELD","RICE","TONNE_HA","A","2021",3.744,
"UKR","CROPYIELD","RICE","TONNE_HA","A","2022",3.784,
"UKR","CROPYIELD","RICE","TONNE_HA","A","2023",3.843,
"UKR","CROPYIELD","RICE","TONNE_HA","A","2024",3.888,
"UKR","CROPYIELD","RICE","TONNE_HA","A","2025",3.939,
"UKR","CROPYIELD","RICE","TONNE_HA","A","2026",3.989,
"UKR","CROPYIELD","RICE","TONNE_HA","A","2027",4.042,
"UKR","CROPYIELD","RICE","TONNE_HA","A","2028",4.095,
"UKR","CROPYIELD","RICE","TONNE_HA","A","2029",4.15,
"UKR","CROPYIELD","RICE","TONNE_HA","A","2030",4.205,
"VNM","CROPYIELD","RICE","TONNE_HA","A","1990",2.122,
"VNM","CROPYIELD","RICE","TONNE_HA","A","1991",2.077,
"VNM","CROPYIELD","RICE","TONNE_HA","A","1992",2.224,
"VNM","CROPYIELD","RICE","TONNE_HA","A","1993",2.322,
"VNM","CROPYIELD","RICE","TONNE_HA","A","1994",2.378,
"VNM","CROPYIELD","RICE","TONNE_HA","A","1995",2.461,
"VNM","CROPYIELD","RICE","TONNE_HA","A","1996",2.514,
"VNM","CROPYIELD","RICE","TONNE_HA","A","1997",2.586,
"VNM","CROPYIELD","RICE","TONNE_HA","A","1998",2.64,
"VNM","CROPYIELD","RICE","TONNE_HA","A","1999",2.736,
"VNM","CROPYIELD","RICE","TONNE_HA","A","2000",2.758,
"VNM","CROPYIELD","RICE","TONNE_HA","A","2001",2.785,
"VNM","CROPYIELD","RICE","TONNE_HA","A","2002",2.984,
"VNM","CROPYIELD","RICE","TONNE_HA","A","2003",3.016,
"VNM","CROPYIELD","RICE","TONNE_HA","A","2004",3.155,
"VNM","CROPYIELD","RICE","TONNE_HA","A","2005",3.178,
"VNM","CROPYIELD","RICE","TONNE_HA","A","2006",3.181,
"VNM","CROPYIELD","RICE","TONNE_HA","A","2007",3.242,
"VNM","CROPYIELD","RICE","TONNE_HA","A","2008",3.402,
"VNM","CROPYIELD","RICE","TONNE_HA","A","2009",3.404,
"VNM","CROPYIELD","RICE","TONNE_HA","A","2010",3.472,
"VNM","CROPYIELD","RICE","TONNE_HA","A","2011",3.6,
"VNM","CROPYIELD","RICE","TONNE_HA","A","2012",3.663,
"VNM","CROPYIELD","RICE","TONNE_HA","A","2013",3.622,
"VNM","CROPYIELD","RICE","TONNE_HA","A","2014",3.74,
"VNM","CROPYIELD","RICE","TONNE_HA","A","2015",3.744,
"VNM","CROPYIELD","RICE","TONNE_HA","A","2016",3.626,
"VNM","CROPYIELD","RICE","TONNE_HA","A","2017",3.605,
"VNM","CROPYIELD","RICE","TONNE_HA","A","2018",3.782,
"VNM","CROPYIELD","RICE","TONNE_HA","A","2019",3.786,
"VNM","CROPYIELD","RICE","TONNE_HA","A","2020",3.813,
"VNM","CROPYIELD","RICE","TONNE_HA","A","2021",3.877,
"VNM","CROPYIELD","RICE","TONNE_HA","A","2022",3.941,
"VNM","CROPYIELD","RICE","TONNE_HA","A","2023",4.009,
"VNM","CROPYIELD","RICE","TONNE_HA","A","2024",4.076,
"VNM","CROPYIELD","RICE","TONNE_HA","A","2025",4.144,
"VNM","CROPYIELD","RICE","TONNE_HA","A","2026",4.214,
"VNM","CROPYIELD","RICE","TONNE_HA","A","2027",4.285,
"VNM","CROPYIELD","RICE","TONNE_HA","A","2028",4.356,
"VNM","CROPYIELD","RICE","TONNE_HA","A","2029",4.43,
"VNM","CROPYIELD","RICE","TONNE_HA","A","2030",4.504,
"WLD","CROPYIELD","RICE","TONNE_HA","A","1990",2.382,
"WLD","CROPYIELD","RICE","TONNE_HA","A","1991",2.363,
"WLD","CROPYIELD","RICE","TONNE_HA","A","1992",2.408,
"WLD","CROPYIELD","RICE","TONNE_HA","A","1993",2.438,
"WLD","CROPYIELD","RICE","TONNE_HA","A","1994",2.471,
"WLD","CROPYIELD","RICE","TONNE_HA","A","1995",2.468,
"WLD","CROPYIELD","RICE","TONNE_HA","A","1996",2.549,
"WLD","CROPYIELD","RICE","TONNE_HA","A","1997",2.565,
"WLD","CROPYIELD","RICE","TONNE_HA","A","1998",2.562,
"WLD","CROPYIELD","RICE","TONNE_HA","A","1999",2.614,
"WLD","CROPYIELD","RICE","TONNE_HA","A","2000",2.6,
"WLD","CROPYIELD","RICE","TONNE_HA","A","2001",2.636,
"WLD","CROPYIELD","RICE","TONNE_HA","A","2002",2.582,
"WLD","CROPYIELD","RICE","TONNE_HA","A","2003",2.637,
"WLD","CROPYIELD","RICE","TONNE_HA","A","2004",2.686,
"WLD","CROPYIELD","RICE","TONNE_HA","A","2005",2.732,
"WLD","CROPYIELD","RICE","TONNE_HA","A","2006",2.749,
"WLD","CROPYIELD","RICE","TONNE_HA","A","2007",2.805,
"WLD","CROPYIELD","RICE","TONNE_HA","A","2008",2.861,
"WLD","CROPYIELD","RICE","TONNE_HA","A","2009",2.876,
"WLD","CROPYIELD","RICE","TONNE_HA","A","2010",2.888,
"WLD","CROPYIELD","RICE","TONNE_HA","A","2011",2.975,
"WLD","CROPYIELD","RICE","TONNE_HA","A","2012",3.018,
"WLD","CROPYIELD","RICE","TONNE_HA","A","2013",3.006,
"WLD","CROPYIELD","RICE","TONNE_HA","A","2014",3.021,
"WLD","CROPYIELD","RICE","TONNE_HA","A","2015",3.033,
"WLD","CROPYIELD","RICE","TONNE_HA","A","2016",3.043,
"WLD","CROPYIELD","RICE","TONNE_HA","A","2017",3.079,
"WLD","CROPYIELD","RICE","TONNE_HA","A","2018",3.104,
"WLD","CROPYIELD","RICE","TONNE_HA","A","2019",3.123,
"WLD","CROPYIELD","RICE","TONNE_HA","A","2020",3.143,
"WLD","CROPYIELD","RICE","TONNE_HA","A","2021",3.189,
"WLD","CROPYIELD","RICE","TONNE_HA","A","2022",3.221,
"WLD","CROPYIELD","RICE","TONNE_HA","A","2023",3.251,
"WLD","CROPYIELD","RICE","TONNE_HA","A","2024",3.282,
"WLD","CROPYIELD","RICE","TONNE_HA","A","2025",3.314,
"WLD","CROPYIELD","RICE","TONNE_HA","A","2026",3.346,
"WLD","CROPYIELD","RICE","TONNE_HA","A","2027",3.378,
"WLD","CROPYIELD","RICE","TONNE_HA","A","2028",3.41,
"WLD","CROPYIELD","RICE","TONNE_HA","A","2029",3.444,
"WLD","CROPYIELD","RICE","TONNE_HA","A","2030",3.477,
"OECD","CROPYIELD","RICE","TONNE_HA","A","1990",4.273,
"OECD","CROPYIELD","RICE","TONNE_HA","A","1991",4.195,
"OECD","CROPYIELD","RICE","TONNE_HA","A","1992",4.336,
"OECD","CROPYIELD","RICE","TONNE_HA","A","1993",3.767,
"OECD","CROPYIELD","RICE","TONNE_HA","A","1994",4.569,
"OECD","CROPYIELD","RICE","TONNE_HA","A","1995",4.336,
"OECD","CROPYIELD","RICE","TONNE_HA","A","1996",4.693,
"OECD","CROPYIELD","RICE","TONNE_HA","A","1997",4.644,
"OECD","CROPYIELD","RICE","TONNE_HA","A","1998",4.532,
"OECD","CROPYIELD","RICE","TONNE_HA","A","1999",4.568,
"OECD","CROPYIELD","RICE","TONNE_HA","A","2000",4.732,
"OECD","CROPYIELD","RICE","TONNE_HA","A","2001",4.761,
"OECD","CROPYIELD","RICE","TONNE_HA","A","2002",4.711,
"OECD","CROPYIELD","RICE","TONNE_HA","A","2003",4.392,
"OECD","CROPYIELD","RICE","TONNE_HA","A","2004",4.726,
"OECD","CROPYIELD","RICE","TONNE_HA","A","2005",4.772,
"OECD","CROPYIELD","RICE","TONNE_HA","A","2006",4.672,
"OECD","CROPYIELD","RICE","TONNE_HA","A","2007",4.708,
"OECD","CROPYIELD","RICE","TONNE_HA","A","2008",4.804,
"OECD","CROPYIELD","RICE","TONNE_HA","A","2009",4.814,
"OECD","CROPYIELD","RICE","TONNE_HA","A","2010",4.729,
"OECD","CROPYIELD","RICE","TONNE_HA","A","2011",4.776,
"OECD","CROPYIELD","RICE","TONNE_HA","A","2012",4.915,
"OECD","CROPYIELD","RICE","TONNE_HA","A","2013",4.938,
"OECD","CROPYIELD","RICE","TONNE_HA","A","2014",4.999,
"OECD","CROPYIELD","RICE","TONNE_HA","A","2015",4.979,
"OECD","CROPYIELD","RICE","TONNE_HA","A","2016",5.036,
"OECD","CROPYIELD","RICE","TONNE_HA","A","2017",4.932,
"OECD","CROPYIELD","RICE","TONNE_HA","A","2018",4.973,
"OECD","CROPYIELD","RICE","TONNE_HA","A","2019",4.863,
"OECD","CROPYIELD","RICE","TONNE_HA","A","2020",4.902,
"OECD","CROPYIELD","RICE","TONNE_HA","A","2021",5.008,
"OECD","CROPYIELD","RICE","TONNE_HA","A","2022",5.028,
"OECD","CROPYIELD","RICE","TONNE_HA","A","2023",5.039,
"OECD","CROPYIELD","RICE","TONNE_HA","A","2024",5.05,
"OECD","CROPYIELD","RICE","TONNE_HA","A","2025",5.062,
"OECD","CROPYIELD","RICE","TONNE_HA","A","2026",5.079,
"OECD","CROPYIELD","RICE","TONNE_HA","A","2027",5.095,
"OECD","CROPYIELD","RICE","TONNE_HA","A","2028",5.113,
"OECD","CROPYIELD","RICE","TONNE_HA","A","2029",5.176,
"OECD","CROPYIELD","RICE","TONNE_HA","A","2030",5.201,
"BRICS","CROPYIELD","RICE","TONNE_HA","A","1990",2.591,
"BRICS","CROPYIELD","RICE","TONNE_HA","A","1991",2.579,
"BRICS","CROPYIELD","RICE","TONNE_HA","A","1992",2.617,
"BRICS","CROPYIELD","RICE","TONNE_HA","A","1993",2.688,
"BRICS","CROPYIELD","RICE","TONNE_HA","A","1994",2.723,
"BRICS","CROPYIELD","RICE","TONNE_HA","A","1995",2.715,
"BRICS","CROPYIELD","RICE","TONNE_HA","A","1996",2.821,
"BRICS","CROPYIELD","RICE","TONNE_HA","A","1997",2.875,
"BRICS","CROPYIELD","RICE","TONNE_HA","A","1998",2.875,
"BRICS","CROPYIELD","RICE","TONNE_HA","A","1999",2.908,
"BRICS","CROPYIELD","RICE","TONNE_HA","A","2000",2.828,
"BRICS","CROPYIELD","RICE","TONNE_HA","A","2001",2.886,
"BRICS","CROPYIELD","RICE","TONNE_HA","A","2002",2.736,
"BRICS","CROPYIELD","RICE","TONNE_HA","A","2003",2.844,
"BRICS","CROPYIELD","RICE","TONNE_HA","A","2004",2.904,
"BRICS","CROPYIELD","RICE","TONNE_HA","A","2005",2.943,
"BRICS","CROPYIELD","RICE","TONNE_HA","A","2006",2.983,
"BRICS","CROPYIELD","RICE","TONNE_HA","A","2007",3.062,
"BRICS","CROPYIELD","RICE","TONNE_HA","A","2008",3.081,
"BRICS","CROPYIELD","RICE","TONNE_HA","A","2009",3.114,
"BRICS","CROPYIELD","RICE","TONNE_HA","A","2010",3.162,
"BRICS","CROPYIELD","RICE","TONNE_HA","A","2011",3.29,
"BRICS","CROPYIELD","RICE","TONNE_HA","A","2012",3.37,
"BRICS","CROPYIELD","RICE","TONNE_HA","A","2013",3.318,
"BRICS","CROPYIELD","RICE","TONNE_HA","A","2014",3.336,
"BRICS","CROPYIELD","RICE","TONNE_HA","A","2015",3.377,
"BRICS","CROPYIELD","RICE","TONNE_HA","A","2016",3.412,
"BRICS","CROPYIELD","RICE","TONNE_HA","A","2017",3.492,
"BRICS","CROPYIELD","RICE","TONNE_HA","A","2018",3.543,
"BRICS","CROPYIELD","RICE","TONNE_HA","A","2019",3.584,
"BRICS","CROPYIELD","RICE","TONNE_HA","A","2020",3.612,
"BRICS","CROPYIELD","RICE","TONNE_HA","A","2021",3.674,
"BRICS","CROPYIELD","RICE","TONNE_HA","A","2022",3.71,
"BRICS","CROPYIELD","RICE","TONNE_HA","A","2023",3.743,
"BRICS","CROPYIELD","RICE","TONNE_HA","A","2024",3.774,
"BRICS","CROPYIELD","RICE","TONNE_HA","A","2025",3.808,
"BRICS","CROPYIELD","RICE","TONNE_HA","A","2026",3.841,
"BRICS","CROPYIELD","RICE","TONNE_HA","A","2027",3.874,
"BRICS","CROPYIELD","RICE","TONNE_HA","A","2028",3.908,
"BRICS","CROPYIELD","RICE","TONNE_HA","A","2029",3.942,
"BRICS","CROPYIELD","RICE","TONNE_HA","A","2030",3.976,
"NZL","CROPYIELD","RICE","TONNE_HA","A","1990",0,
"NZL","CROPYIELD","RICE","TONNE_HA","A","1991",0,
"NZL","CROPYIELD","RICE","TONNE_HA","A","1992",0,
"NZL","CROPYIELD","RICE","TONNE_HA","A","1993",0,
"NZL","CROPYIELD","RICE","TONNE_HA","A","1994",0,
"NZL","CROPYIELD","RICE","TONNE_HA","A","1995",0,
"NZL","CROPYIELD","RICE","TONNE_HA","A","1996",0,
"NZL","CROPYIELD","RICE","TONNE_HA","A","1997",0,
"NZL","CROPYIELD","RICE","TONNE_HA","A","1998",0,
"NZL","CROPYIELD","RICE","TONNE_HA","A","1999",0,
"NZL","CROPYIELD","RICE","TONNE_HA","A","2000",0,
"NZL","CROPYIELD","RICE","TONNE_HA","A","2001",0,
"NZL","CROPYIELD","RICE","TONNE_HA","A","2002",0,
"NZL","CROPYIELD","RICE","TONNE_HA","A","2003",0,
"NZL","CROPYIELD","RICE","TONNE_HA","A","2004",0,
"NZL","CROPYIELD","RICE","TONNE_HA","A","2005",0,
"NZL","CROPYIELD","RICE","TONNE_HA","A","2006",0,
"NZL","CROPYIELD","RICE","TONNE_HA","A","2007",0,
"NZL","CROPYIELD","RICE","TONNE_HA","A","2008",0,
"NZL","CROPYIELD","RICE","TONNE_HA","A","2009",0,
"NZL","CROPYIELD","RICE","TONNE_HA","A","2010",0,
"NZL","CROPYIELD","RICE","TONNE_HA","A","2011",0,
"NZL","CROPYIELD","RICE","TONNE_HA","A","2012",0,
"NZL","CROPYIELD","RICE","TONNE_HA","A","2013",0,
"NZL","CROPYIELD","RICE","TONNE_HA","A","2014",0,
"NZL","CROPYIELD","RICE","TONNE_HA","A","2015",0,
"NZL","CROPYIELD","RICE","TONNE_HA","A","2016",0,
"NZL","CROPYIELD","RICE","TONNE_HA","A","2017",0,
"NZL","CROPYIELD","RICE","TONNE_HA","A","2018",0,
"NZL","CROPYIELD","RICE","TONNE_HA","A","2019",0,
"NZL","CROPYIELD","RICE","TONNE_HA","A","2020",0,
"NZL","CROPYIELD","RICE","TONNE_HA","A","2021",0,
"NZL","CROPYIELD","RICE","TONNE_HA","A","2022",0,
"NZL","CROPYIELD","RICE","TONNE_HA","A","2023",0,
"NZL","CROPYIELD","RICE","TONNE_HA","A","2024",0,
"NZL","CROPYIELD","RICE","TONNE_HA","A","2025",0,
"NZL","CROPYIELD","RICE","TONNE_HA","A","2026",0,
"NZL","CROPYIELD","RICE","TONNE_HA","A","2027",0,
"NZL","CROPYIELD","RICE","TONNE_HA","A","2028",0,
"NZL","CROPYIELD","RICE","TONNE_HA","A","2029",0,
"NZL","CROPYIELD","RICE","TONNE_HA","A","2030",0,
"NOR","CROPYIELD","RICE","TONNE_HA","A","1990",0,
"NOR","CROPYIELD","RICE","TONNE_HA","A","1991",0,
"NOR","CROPYIELD","RICE","TONNE_HA","A","1992",0,
"NOR","CROPYIELD","RICE","TONNE_HA","A","1993",0,
"NOR","CROPYIELD","RICE","TONNE_HA","A","1994",0,
"NOR","CROPYIELD","RICE","TONNE_HA","A","1995",0,
"NOR","CROPYIELD","RICE","TONNE_HA","A","1996",0,
"NOR","CROPYIELD","RICE","TONNE_HA","A","1997",0,
"NOR","CROPYIELD","RICE","TONNE_HA","A","1998",0,
"NOR","CROPYIELD","RICE","TONNE_HA","A","1999",0,
"NOR","CROPYIELD","RICE","TONNE_HA","A","2000",0,
"NOR","CROPYIELD","RICE","TONNE_HA","A","2001",0,
"NOR","CROPYIELD","RICE","TONNE_HA","A","2002",0,
"NOR","CROPYIELD","RICE","TONNE_HA","A","2003",0,
"NOR","CROPYIELD","RICE","TONNE_HA","A","2004",0,
"NOR","CROPYIELD","RICE","TONNE_HA","A","2005",0,
"NOR","CROPYIELD","RICE","TONNE_HA","A","2006",0,
"NOR","CROPYIELD","RICE","TONNE_HA","A","2007",0,
"NOR","CROPYIELD","RICE","TONNE_HA","A","2008",0,
"NOR","CROPYIELD","RICE","TONNE_HA","A","2009",0,
"NOR","CROPYIELD","RICE","TONNE_HA","A","2010",0,
"NOR","CROPYIELD","RICE","TONNE_HA","A","2011",0,
"NOR","CROPYIELD","RICE","TONNE_HA","A","2012",0,
"NOR","CROPYIELD","RICE","TONNE_HA","A","2013",0,
"NOR","CROPYIELD","RICE","TONNE_HA","A","2014",0,
"NOR","CROPYIELD","RICE","TONNE_HA","A","2015",0,
"NOR","CROPYIELD","RICE","TONNE_HA","A","2016",0,
"NOR","CROPYIELD","RICE","TONNE_HA","A","2017",0,
"NOR","CROPYIELD","RICE","TONNE_HA","A","2018",0,
"NOR","CROPYIELD","RICE","TONNE_HA","A","2019",0,
"NOR","CROPYIELD","RICE","TONNE_HA","A","2020",0,
"NOR","CROPYIELD","RICE","TONNE_HA","A","2021",0,
"NOR","CROPYIELD","RICE","TONNE_HA","A","2022",0,
"NOR","CROPYIELD","RICE","TONNE_HA","A","2023",0,
"NOR","CROPYIELD","RICE","TONNE_HA","A","2024",0,
"NOR","CROPYIELD","RICE","TONNE_HA","A","2025",0,
"NOR","CROPYIELD","RICE","TONNE_HA","A","2026",0,
"NOR","CROPYIELD","RICE","TONNE_HA","A","2027",0,
"NOR","CROPYIELD","RICE","TONNE_HA","A","2028",0,
"NOR","CROPYIELD","RICE","TONNE_HA","A","2029",0,
"NOR","CROPYIELD","RICE","TONNE_HA","A","2030",0,
"CHE","CROPYIELD","RICE","TONNE_HA","A","2010",2.81,
"CHE","CROPYIELD","RICE","TONNE_HA","A","2011",2.81,
"CHE","CROPYIELD","RICE","TONNE_HA","A","2012",2.81,
"CHE","CROPYIELD","RICE","TONNE_HA","A","2013",2.81,
"CHE","CROPYIELD","RICE","TONNE_HA","A","2014",2.81,
"CHE","CROPYIELD","RICE","TONNE_HA","A","2015",3.102,
"CHE","CROPYIELD","RICE","TONNE_HA","A","2016",2.962,
"CHE","CROPYIELD","RICE","TONNE_HA","A","2017",2.994,
"CHE","CROPYIELD","RICE","TONNE_HA","A","2018",2.997,
"CHE","CROPYIELD","RICE","TONNE_HA","A","2019",2.997,
"CHE","CROPYIELD","RICE","TONNE_HA","A","2020",2.997,
"CHE","CROPYIELD","RICE","TONNE_HA","A","2021",2.997,
"CHE","CROPYIELD","RICE","TONNE_HA","A","2022",2.997,
"CHE","CROPYIELD","RICE","TONNE_HA","A","2023",2.997,
"CHE","CROPYIELD","RICE","TONNE_HA","A","2024",2.997,
"CHE","CROPYIELD","RICE","TONNE_HA","A","2025",2.997,
"CHE","CROPYIELD","RICE","TONNE_HA","A","2026",2.997,
"CHE","CROPYIELD","RICE","TONNE_HA","A","2027",2.997,
"CHE","CROPYIELD","RICE","TONNE_HA","A","2028",2.997,
"CHE","CROPYIELD","RICE","TONNE_HA","A","2029",2.997,
"CHE","CROPYIELD","RICE","TONNE_HA","A","2030",2.997,
"ISR","CROPYIELD","RICE","TONNE_HA","A","1990",1,
"ISR","CROPYIELD","RICE","TONNE_HA","A","1991",1,
"ISR","CROPYIELD","RICE","TONNE_HA","A","1992",1,
"ISR","CROPYIELD","RICE","TONNE_HA","A","1993",1,
"ISR","CROPYIELD","RICE","TONNE_HA","A","1994",1,
"ISR","CROPYIELD","RICE","TONNE_HA","A","1995",1,
"ISR","CROPYIELD","RICE","TONNE_HA","A","1996",1,
"ISR","CROPYIELD","RICE","TONNE_HA","A","1997",1,
"ISR","CROPYIELD","RICE","TONNE_HA","A","1998",1,
"ISR","CROPYIELD","RICE","TONNE_HA","A","1999",1,
"ISR","CROPYIELD","RICE","TONNE_HA","A","2000",1,
"ISR","CROPYIELD","RICE","TONNE_HA","A","2001",1,
"ISR","CROPYIELD","RICE","TONNE_HA","A","2002",1,
"ISR","CROPYIELD","RICE","TONNE_HA","A","2003",1,
"ISR","CROPYIELD","RICE","TONNE_HA","A","2004",1,
"ISR","CROPYIELD","RICE","TONNE_HA","A","2005",1,
"ISR","CROPYIELD","RICE","TONNE_HA","A","2006",1,
"ISR","CROPYIELD","RICE","TONNE_HA","A","2007",1,
"ISR","CROPYIELD","RICE","TONNE_HA","A","2008",1,
"ISR","CROPYIELD","RICE","TONNE_HA","A","2009",1,
"ISR","CROPYIELD","RICE","TONNE_HA","A","2010",1,
"ISR","CROPYIELD","RICE","TONNE_HA","A","2011",1,
"ISR","CROPYIELD","RICE","TONNE_HA","A","2012",1,
"ISR","CROPYIELD","RICE","TONNE_HA","A","2013",1,
"ISR","CROPYIELD","RICE","TONNE_HA","A","2014",1,
"ISR","CROPYIELD","RICE","TONNE_HA","A","2015",1,
"ISR","CROPYIELD","RICE","TONNE_HA","A","2016",1,
"ISR","CROPYIELD","RICE","TONNE_HA","A","2017",1,
"ISR","CROPYIELD","RICE","TONNE_HA","A","2018",1,
"ISR","CROPYIELD","RICE","TONNE_HA","A","2019",1,
"ISR","CROPYIELD","RICE","TONNE_HA","A","2020",1,
"ISR","CROPYIELD","RICE","TONNE_HA","A","2021",1.035,
"ISR","CROPYIELD","RICE","TONNE_HA","A","2022",1.046,
"ISR","CROPYIELD","RICE","TONNE_HA","A","2023",1.066,
"ISR","CROPYIELD","RICE","TONNE_HA","A","2024",1.08,
"ISR","CROPYIELD","RICE","TONNE_HA","A","2025",1.097,
"ISR","CROPYIELD","RICE","TONNE_HA","A","2026",1.113,
"ISR","CROPYIELD","RICE","TONNE_HA","A","2027",1.13,
"ISR","CROPYIELD","RICE","TONNE_HA","A","2028",1.146,
"ISR","CROPYIELD","RICE","TONNE_HA","A","2029",1.164,
"ISR","CROPYIELD","RICE","TONNE_HA","A","2030",1.181,
"GBR","CROPYIELD","RICE","TONNE_HA","A","1990",0,
"GBR","CROPYIELD","RICE","TONNE_HA","A","1991",0,
"GBR","CROPYIELD","RICE","TONNE_HA","A","1992",0,
"GBR","CROPYIELD","RICE","TONNE_HA","A","1993",0,
"GBR","CROPYIELD","RICE","TONNE_HA","A","1994",0,
"GBR","CROPYIELD","RICE","TONNE_HA","A","1995",0,
"GBR","CROPYIELD","RICE","TONNE_HA","A","1996",0,
"GBR","CROPYIELD","RICE","TONNE_HA","A","1997",0,
"GBR","CROPYIELD","RICE","TONNE_HA","A","1998",0,
"GBR","CROPYIELD","RICE","TONNE_HA","A","1999",0,
"GBR","CROPYIELD","RICE","TONNE_HA","A","2000",0,
"GBR","CROPYIELD","RICE","TONNE_HA","A","2001",0,
"GBR","CROPYIELD","RICE","TONNE_HA","A","2002",0,
"GBR","CROPYIELD","RICE","TONNE_HA","A","2003",0,
"GBR","CROPYIELD","RICE","TONNE_HA","A","2004",0,
"GBR","CROPYIELD","RICE","TONNE_HA","A","2005",0,
"GBR","CROPYIELD","RICE","TONNE_HA","A","2006",0,
"GBR","CROPYIELD","RICE","TONNE_HA","A","2007",0,
"GBR","CROPYIELD","RICE","TONNE_HA","A","2008",0,
"GBR","CROPYIELD","RICE","TONNE_HA","A","2009",0,
"GBR","CROPYIELD","RICE","TONNE_HA","A","2010",0,
"GBR","CROPYIELD","RICE","TONNE_HA","A","2011",0,
"GBR","CROPYIELD","RICE","TONNE_HA","A","2012",0,
"GBR","CROPYIELD","RICE","TONNE_HA","A","2013",0,
"GBR","CROPYIELD","RICE","TONNE_HA","A","2014",0,
"GBR","CROPYIELD","RICE","TONNE_HA","A","2015",0,
"GBR","CROPYIELD","RICE","TONNE_HA","A","2016",0,
"GBR","CROPYIELD","RICE","TONNE_HA","A","2017",0,
"GBR","CROPYIELD","RICE","TONNE_HA","A","2018",0,
"GBR","CROPYIELD","RICE","TONNE_HA","A","2019",0,
"GBR","CROPYIELD","RICE","TONNE_HA","A","2020",0,
"GBR","CROPYIELD","RICE","TONNE_HA","A","2021",0,
"GBR","CROPYIELD","RICE","TONNE_HA","A","2022",0,
"GBR","CROPYIELD","RICE","TONNE_HA","A","2023",0,
"GBR","CROPYIELD","RICE","TONNE_HA","A","2024",0,
"GBR","CROPYIELD","RICE","TONNE_HA","A","2025",0,
"GBR","CROPYIELD","RICE","TONNE_HA","A","2026",0,
"GBR","CROPYIELD","RICE","TONNE_HA","A","2027",0,
"GBR","CROPYIELD","RICE","TONNE_HA","A","2028",0,
"GBR","CROPYIELD","RICE","TONNE_HA","A","2029",0,
"GBR","CROPYIELD","RICE","TONNE_HA","A","2030",0,
